Date,Open,High,Low,Close,Volume,Market Cap
"Aug 31, 2019",64.36,65.27,63.01,64.58,"2,28,33,40,831","4,07,83,58,696"
"Aug 30, 2019",64.08,65.44,62.61,64.33,"2,37,74,66,438","4,06,25,42,325"
"Aug 29, 2019",67.36,67.43,63.63,64.1,"3,09,23,32,444","4,04,72,72,938"
"Aug 28, 2019",72.9,73.05,66.54,67.43,"2,88,30,41,616","4,25,68,92,976"
"Aug 27, 2019",73.93,73.93,72.37,72.84,"2,48,96,89,274","4,59,79,66,230"
"Aug 26, 2019",72.32,74.99,72.12,73.86,"3,04,61,36,697","4,66,18,93,373"
"Aug 25, 2019",73.47,74.73,71.17,72.31,"2,22,74,00,267","4,56,36,12,040"
"Aug 24, 2019",75.41,75.69,72.32,73.46,"2,19,19,73,575","4,63,60,16,950"
"Aug 23, 2019",73.58,75.69,72.87,75.4,"2,49,65,13,401","4,75,78,19,433"
"Aug 22, 2019",72.95,74.57,71.31,73.6,"2,90,88,64,703","4,64,34,56,772"
"Aug 21, 2019",75.24,75.47,70.58,72.96,"2,87,85,67,011","4,60,29,87,629"
"Aug 20, 2019",77.3,77.44,73.94,75.2,"2,43,01,65,429","4,74,32,07,580"
"Aug 19, 2019",76.34,78.51,75.88,77.26,"2,34,67,96,021","4,87,30,84,523"
"Aug 18, 2019",72.84,77.56,71.67,76.27,"2,74,32,41,606","4,80,98,76,077"
"Aug 17, 2019",74.91,75.33,72.27,72.8,"2,48,23,85,549","4,59,04,67,351"
"Aug 16, 2019",76.32,77.17,73.07,74.92,"3,01,60,89,036","4,72,38,24,771"
"Aug 15, 2019",76.13,78.51,73,76.39,"3,65,40,75,558","4,81,59,69,361"
"Aug 14, 2019",84.42,85.55,75.96,76.06,"3,09,30,90,406","4,79,49,92,635"
"Aug 13, 2019",85.75,86.32,83.35,84.41,"2,68,17,87,838","5,32,02,29,477"
"Aug 12, 2019",89.7,89.71,85.63,85.75,"2,71,61,87,719","5,40,42,72,824"
"Aug 11, 2019",85.45,91.03,85.45,89.75,"3,02,57,87,942","5,65,59,24,170"
"Aug 10, 2019",84.39,87.11,83.14,85.42,"3,08,80,60,147","5,38,22,72,086"
"Aug 09, 2019",90.09,90.36,83.49,84.44,"3,00,32,78,177","5,31,99,84,195"
"Aug 08, 2019",90.91,91.72,88.5,90.03,"3,03,47,17,882","5,67,17,48,769"
"Aug 07, 2019",93.04,93.74,88.54,90.91,"3,10,59,89,436","5,72,67,08,990"
"Aug 06, 2019",96.89,98.98,91.66,93.07,"3,24,53,39,849","5,86,19,86,121"
"Aug 05, 2019",93.09,105.59,93.09,96.83,"4,13,43,52,823","6,09,84,70,159"
"Aug 04, 2019",94.6,95.39,91.45,93.2,"2,42,76,08,117","5,86,88,57,449"
"Aug 03, 2019",95.02,96.84,94.16,94.58,"2,51,29,59,054","5,95,42,27,577"
"Aug 02, 2019",99.2,99.2,93.54,94.94,"2,88,27,84,454","5,97,54,97,672"
"Aug 01, 2019",98.57,100.26,95.98,99.18,"2,95,31,84,689","6,24,08,01,535"
"Jul 31, 2019",90.47,99.48,90.33,98.51,"3,05,14,71,469","6,19,73,37,878"
"Jul 30, 2019",90.47,92.19,89.02,90.57,"2,30,25,21,844","5,69,62,75,523"
"Jul 29, 2019",89.77,91.39,88.57,90.43,"2,45,78,24,867","5,68,60,62,706"
"Jul 28, 2019",88.89,90.41,85.35,89.77,"2,46,01,80,908","5,64,34,15,873"
"Jul 27, 2019",94.32,95.65,87.7,88.89,"2,62,65,17,608","5,58,66,78,799"
"Jul 26, 2019",93.41,94.55,90.75,94.31,"2,26,08,44,511","5,92,56,62,076"
"Jul 25, 2019",94.36,95.85,92.47,93.45,"2,69,02,73,677","5,87,04,41,888"
"Jul 24, 2019",90.46,96.42,88.15,94.31,"3,24,71,50,970","5,92,34,34,071"
"Jul 23, 2019",95.41,95.48,89.44,90.62,"2,70,09,24,026","5,69,05,13,769"
"Jul 22, 2019",99.56,100.25,92.3,95.42,"2,69,39,89,249","5,99,02,69,582"
"Jul 21, 2019",100.51,101.47,96.95,99.63,"2,82,90,54,215","6,25,32,13,998"
"Jul 20, 2019",98.46,104.61,97.71,100.61,"3,77,13,08,934","6,31,34,76,233"
"Jul 19, 2019",101.08,101.18,95.72,98.4,"3,98,39,90,085","6,17,36,53,347"
"Jul 18, 2019",89.69,103.15,87.45,101.09,"4,89,03,32,056","6,34,05,59,063"
"Jul 17, 2019",79.41,93.05,77.5,89.81,"4,61,63,60,556","5,63,20,42,532"
"Jul 16, 2019",90.9,92.06,77.5,79.5,"3,70,33,46,636","4,98,43,18,767"
"Jul 15, 2019",89.86,92.63,85.68,90.92,"3,57,03,61,793","5,69,93,07,530"
"Jul 14, 2019",101.11,101.68,88.81,89.77,"3,71,75,31,246","5,62,57,73,339"
"Jul 13, 2019",105.29,105.59,98.01,101.02,"3,35,35,38,171","6,32,95,05,235"
"Jul 12, 2019",102.83,106.36,101.21,105.3,"3,61,18,46,208","6,59,56,12,500"
"Jul 11, 2019",108.57,108.57,97.28,102.64,"4,63,38,53,162","6,42,77,25,958"
"Jul 10, 2019",119.5,120.1,103.82,108.5,"4,69,95,11,838","6,79,27,44,022"
"Jul 09, 2019",123.25,124.17,118.23,119.43,"3,78,56,41,025","7,47,53,93,728"
"Jul 08, 2019",120.28,125.08,118.6,123.29,"3,80,37,50,017","7,71,47,81,783"
"Jul 07, 2019",118.03,120.33,117.64,120.32,"3,34,86,62,401","7,52,76,88,155"
"Jul 06, 2019",118.38,121.29,117.33,117.82,"3,48,43,78,308","7,36,97,30,846"
"Jul 05, 2019",119.84,120.65,117.15,118.35,"4,11,08,68,217","7,40,11,37,488"
"Jul 04, 2019",122.5,126.67,119.05,119.98,"4,56,42,00,301","7,50,11,64,315"
"Jul 03, 2019",119.33,123.74,118.37,122.56,"4,52,96,82,890","7,66,11,88,686"
"Jul 02, 2019",122.56,123.29,112.65,119.24,"4,76,18,78,443","7,45,17,62,463"
"Jul 01, 2019",122.11,126.02,114.22,122.58,"5,03,41,62,436","7,65,86,90,466"
"Jun 30, 2019",133.72,136.26,120.44,122.25,"5,52,52,73,220","7,63,60,46,758"
"Jun 29, 2019",120.16,135.74,116.22,133.66,"5,74,57,85,825","8,34,71,17,542"
"Jun 28, 2019",114.41,122.02,113.47,120.15,"4,68,33,11,766","7,50,16,01,230"
"Jun 27, 2019",131.22,132.04,110.67,114.4,"5,58,86,11,122","7,14,12,34,400"
"Jun 26, 2019",136.48,138.32,128.94,131.27,"5,56,58,87,285","8,19,16,77,323"
"Jun 25, 2019",135.58,138.12,130.89,136.49,"4,41,10,92,400","8,51,57,26,713"
"Jun 24, 2019",136.92,138.69,132.83,135.53,"3,90,77,25,105","8,45,40,28,780"
"Jun 23, 2019",141.95,142.56,136.32,136.88,"3,99,89,80,168","8,53,60,77,179"
"Jun 22, 2019",139.04,146.43,138.48,141.9,"5,48,86,15,002","8,84,70,68,564"
"Jun 21, 2019",135.51,141.07,135.51,138.88,"4,37,82,60,963","8,65,68,23,083"
"Jun 20, 2019",136.6,137.08,132.64,135.48,"3,88,06,82,308","8,44,26,46,197"
"Jun 19, 2019",135.15,139.34,134.03,136.6,"4,38,39,60,510","8,51,04,98,678"
"Jun 18, 2019",134.47,135.92,129.75,135.16,"3,72,08,28,769","8,41,84,05,570"
"Jun 17, 2019",137.13,137.28,133.05,134.44,"3,23,02,30,843","8,37,15,07,504"
"Jun 16, 2019",138.15,138.79,134.54,137.12,"4,37,26,45,801","8,53,67,06,967"
"Jun 15, 2019",133.18,139.19,133.14,138.13,"4,32,90,02,013","8,59,72,09,351"
"Jun 14, 2019",131.31,133.18,126.86,133.05,"4,35,20,05,824","8,27,94,39,669"
"Jun 13, 2019",135.68,136.89,129.14,131.35,"4,94,77,94,845","8,17,16,23,427"
"Jun 12, 2019",136.09,142.71,132.24,135.65,"5,85,56,23,530","8,43,72,76,930"
"Jun 11, 2019",129.26,138.15,125.96,136.03,"5,44,17,87,587","8,45,87,30,745"
"Jun 10, 2019",115,129.71,113.17,129.07,"5,44,92,66,884","8,02,43,39,041"
"Jun 09, 2019",118.59,119.13,112.57,115.13,"4,36,03,01,111","7,15,61,26,160"
"Jun 08, 2019",117.28,119.5,114.46,118.55,"4,68,95,57,936","7,36,68,35,517"
"Jun 07, 2019",110.98,120.64,109.59,117.37,"5,14,09,08,477","7,29,18,32,561"
"Jun 06, 2019",103.81,111.33,102.09,111.11,"4,14,22,50,662","6,90,07,72,772"
"Jun 05, 2019",102.12,104.84,101.22,103.85,"3,58,51,62,872","6,44,84,54,322"
"Jun 04, 2019",107.37,107.37,99.29,102.09,"4,31,66,94,183","6,33,76,14,783"
"Jun 03, 2019",114.67,115.91,106.46,107.47,"3,83,23,52,496","6,67,00,82,970"
"Jun 02, 2019",112.71,116.25,111.91,114.7,"3,43,40,73,037","7,11,75,49,253"
"Jun 01, 2019",114.47,115.61,111.68,112.62,"3,80,71,58,511","6,98,65,44,718"
"May 31, 2019",108.7,114.63,105.91,114.54,"4,20,79,66,341","7,10,38,74,448"
"May 30, 2019",115.14,119.74,105.3,108.8,"4,97,12,90,022","6,74,61,80,187"
"May 29, 2019",114.93,117.87,110.47,115.08,"4,12,29,26,836","7,13,42,13,755"
"May 28, 2019",117.89,117.89,112.99,114.93,"4,17,18,86,802","7,12,32,12,215"
"May 27, 2019",111.44,120.69,111.13,118.03,"6,35,53,61,291","7,31,37,66,498"
"May 26, 2019",102.7,112.67,99.74,111.42,"5,16,83,78,349","6,90,23,46,395"
"May 25, 2019",100.05,104.11,98.72,102.67,"4,50,73,57,465","6,35,89,63,965"
"May 24, 2019",88.97,102.75,88.32,99.9,"5,39,36,57,682","6,18,59,76,031"
"May 23, 2019",88.2,89.74,85.23,89.18,"3,20,88,07,269","5,52,04,39,405"
"May 22, 2019",91.51,92,87.55,88.21,"3,39,85,28,443","5,45,94,27,424"
"May 21, 2019",91.57,92.44,89.59,91.51,"3,14,57,69,021","5,66,21,54,168"
"May 20, 2019",95.34,95.34,88.57,91.49,"3,56,69,21,483","5,65,99,72,915"
"May 19, 2019",86.68,96.54,86.13,95.32,"4,10,88,52,208","5,89,53,49,549"
"May 18, 2019",89.01,89.87,85.8,86.7,"3,31,79,98,478","5,36,09,06,927"
"May 17, 2019",95.63,97.26,84.94,89,"5,31,98,40,521","5,50,16,12,938"
"May 16, 2019",101.57,106.21,92.57,95.59,"6,44,20,00,276","5,90,76,39,439"
"May 15, 2019",91.66,103.14,90.82,101.74,"5,16,86,24,436","6,28,67,90,205"
"May 14, 2019",88.05,93.37,87.66,91.62,"4,93,00,71,296","5,65,97,66,830"
"May 13, 2019",84.63,92.37,84.3,88.06,"4,65,87,62,984","5,43,84,66,608"
"May 12, 2019",89.54,93.18,83.82,84.57,"5,58,25,99,422","5,22,15,25,879"
"May 11, 2019",77.16,94.54,77.11,89.22,"5,49,17,44,173","5,50,77,53,609"
"May 10, 2019",74.19,78.72,73.04,77.17,"3,05,15,37,532","4,76,25,37,746"
"May 09, 2019",74.59,75.93,72.99,74.18,"2,43,64,26,305","4,57,69,43,366"
"May 08, 2019",74.65,75.32,73.1,74.62,"2,53,28,51,418","4,60,31,02,252"
"May 07, 2019",74.98,78.01,74.67,74.69,"3,08,84,33,048","4,60,65,27,091"
"May 06, 2019",76.03,76.39,72.33,74.98,"2,93,34,88,799","4,62,33,34,243"
"May 05, 2019",78,78.15,75.54,75.98,"2,65,07,46,461","4,68,39,27,727"
"May 04, 2019",79.31,82.02,75.8,78.06,"3,50,26,70,655","4,81,09,52,019"
"May 03, 2019",73.76,80.42,73.44,79.33,"3,85,03,39,792","4,88,76,71,308"
"May 02, 2019",73.68,74.52,73.1,73.78,"2,90,33,92,114","4,54,48,23,994"
"May 01, 2019",74.3,75.42,72.3,73.66,"2,87,17,92,311","4,53,63,48,667"
"Apr 30, 2019",67.95,74.67,67.95,74.28,"3,06,53,00,354","4,57,35,55,691"
"Apr 29, 2019",69.78,70.23,67.27,67.96,"2,53,24,98,296","4,18,34,25,749"
"Apr 28, 2019",72.12,72.48,69.08,69.73,"2,36,26,38,270","4,29,11,06,337"
"Apr 27, 2019",73.21,73.33,71.99,72.12,"2,05,97,77,054","4,43,74,33,950"
"Apr 26, 2019",71.36,74.51,70.19,73.12,"3,04,16,12,619","4,49,75,81,499"
"Apr 25, 2019",73.25,74.51,71.06,71.25,"2,75,47,12,046","4,38,16,67,236"
"Apr 24, 2019",74.75,75.24,71.36,73.31,"3,34,70,48,436","4,50,74,11,996"
"Apr 23, 2019",76.85,79.46,74.64,74.85,"2,92,00,88,568","4,60,08,47,627"
"Apr 22, 2019",77.29,77.89,75.7,76.95,"2,65,73,00,819","4,72,90,23,682"
"Apr 21, 2019",81.52,81.89,75.02,77.33,"2,95,76,85,726","4,75,15,22,317"
"Apr 20, 2019",82.55,82.89,80.28,81.51,"2,42,27,37,857","5,00,72,38,091"
"Apr 19, 2019",82.1,83.19,80.43,82.57,"2,60,89,61,075","5,07,09,85,398"
"Apr 18, 2019",79.39,83.2,79.31,82.07,"2,61,69,12,436","5,03,94,49,526"
"Apr 17, 2019",81.35,82,79.08,79.33,"2,06,01,01,784","4,86,95,45,082"
"Apr 16, 2019",79.04,81.84,78.03,81.35,"2,17,69,07,331","4,99,25,36,056"
"Apr 15, 2019",83.01,83.85,76.98,79.05,"2,74,27,60,721","4,85,05,89,495"
"Apr 14, 2019",78.2,82.94,76.98,82.94,"2,32,83,08,745","5,08,75,97,683"
"Apr 13, 2019",78.95,81.1,76.69,78.22,"2,37,92,57,754","4,79,70,64,869"
"Apr 12, 2019",79.63,80.27,76.44,78.96,"2,83,97,96,022","4,84,14,72,627"
"Apr 11, 2019",88.39,88.52,76.66,79.68,"3,46,15,36,000","4,88,41,40,000"
"Apr 10, 2019",86.77,90.35,86.75,88.38,"2,76,59,00,677","5,41,61,55,738"
"Apr 09, 2019",89.5,89.5,85.01,86.79,"2,74,26,31,078","5,31,74,55,486"
"Apr 08, 2019",92.33,93.82,87.06,89.49,"3,29,56,95,862","5,48,20,58,437"
"Apr 07, 2019",92.42,95.39,90.09,92.31,"3,31,48,48,880","5,65,34,06,711"
"Apr 06, 2019",88.71,96.74,86.31,92.57,"3,85,79,50,929","5,66,79,77,476"
"Apr 05, 2019",85.04,89.58,84.92,88.68,"3,51,28,61,847","5,42,81,43,571"
"Apr 04, 2019",85.17,89.34,81.57,84.98,"4,19,56,22,761","5,20,06,09,305"
"Apr 03, 2019",76.26,97.5,76.01,84.92,"6,20,61,02,119","5,19,57,50,178"
"Apr 02, 2019",60.7,77.41,60.54,76.19,"4,16,13,62,861","4,66,05,52,088"
"Apr 01, 2019",60.77,60.99,60.41,60.68,"1,71,25,38,382","3,71,05,64,698"
"Mar 31, 2019",60.64,60.85,60.21,60.76,"1,64,65,31,872","3,71,43,71,560"
"Mar 30, 2019",61.25,64.11,60.37,60.62,"1,69,81,16,593","3,70,53,12,023"
"Mar 29, 2019",61.17,61.53,60.26,61.3,"1,97,74,36,351","3,74,59,35,357"
"Mar 28, 2019",62.22,62.22,60.75,61.17,"1,81,83,55,774","3,73,70,05,102"
"Mar 27, 2019",59.41,62.29,59.33,62.25,"2,22,05,90,688","3,80,20,58,092"
"Mar 26, 2019",59.51,59.65,58.33,59.34,"2,02,04,00,713","3,62,35,75,890"
"Mar 25, 2019",60.3,60.93,59,59.5,"2,05,78,63,894","3,63,20,66,769"
"Mar 24, 2019",61.24,61.25,59.71,60.22,"2,04,18,14,465","3,67,55,21,098"
"Mar 23, 2019",59.79,61.71,59.51,61.35,"2,00,97,01,790","3,74,32,78,484"
"Mar 22, 2019",59.3,60.28,58.89,59.82,"1,66,08,94,830","3,64,93,53,013"
"Mar 21, 2019",60.87,61.08,58.74,59.38,"1,76,66,89,848","3,62,12,32,358"
"Mar 20, 2019",60.68,60.96,58.57,60.85,"1,99,02,64,182","3,70,98,98,340"
"Mar 19, 2019",60.22,60.95,59.75,60.62,"1,82,41,24,623","3,69,49,45,405"
"Mar 18, 2019",61.28,62.77,59.5,60.26,"1,97,18,26,811","3,67,27,26,327"
"Mar 17, 2019",61.88,61.99,60.78,61.24,"1,60,92,32,029","3,73,14,25,001"
"Mar 16, 2019",58.99,62.09,58.99,61.84,"1,99,78,99,601","3,76,70,63,536"
"Mar 15, 2019",56.54,59.39,56.54,58.99,"1,82,44,54,595","3,59,22,90,246"
"Mar 14, 2019",55.86,57.76,55.79,56.58,"1,61,02,93,200","3,44,50,01,358"
"Mar 13, 2019",57.08,57.21,55.43,55.93,"1,46,56,25,295","3,40,45,36,113"
"Mar 12, 2019",55.41,57.26,53.5,57,"1,66,67,11,996","3,46,84,75,222"
"Mar 11, 2019",57.19,57.85,54.83,55.42,"1,83,92,60,243","3,37,17,60,953"
"Mar 10, 2019",58.1,58.25,56.59,57.18,"1,77,87,09,344","3,47,80,33,205"
"Mar 09, 2019",56,59.29,56,58.09,"2,14,53,50,395","3,53,22,42,783"
"Mar 08, 2019",57.44,57.65,55.45,56.1,"1,97,75,38,387","3,41,05,90,890"
"Mar 07, 2019",55.84,59,55.08,57.19,"2,41,08,43,754","3,47,59,95,867"
"Mar 06, 2019",53.02,56.27,52.28,55.78,"1,99,88,50,452","3,38,97,99,196"
"Mar 05, 2019",46.52,54.02,46.14,53.13,"2,00,03,00,862","3,22,78,95,751"
"Mar 04, 2019",48.33,48.65,45.85,46.43,"1,24,34,64,082","2,82,01,02,325"
"Mar 03, 2019",49.02,49.39,48.09,48.38,"1,10,26,77,211","2,93,76,80,218"
"Mar 02, 2019",47.48,49.64,47.46,49.02,"1,22,76,56,624","2,97,55,00,410"
"Mar 01, 2019",46.24,48.99,46.15,47.49,"1,17,54,25,172","2,88,20,42,603"
"Feb 28, 2019",45.62,46.92,45.6,46.24,"1,11,94,95,712","2,80,55,15,464"
"Feb 27, 2019",45.5,46.14,44.41,45.58,"1,06,18,79,935","2,76,51,13,387"
"Feb 26, 2019",46.18,46.52,45.09,45.49,"1,06,03,25,373","2,75,89,57,944"
"Feb 25, 2019",44.58,47.19,44.58,46.21,"1,21,21,41,472","2,80,20,48,987"
"Feb 24, 2019",51.68,53.42,43.66,44.68,"1,61,80,48,131","2,70,83,58,746"
"Feb 23, 2019",49.67,51.89,48.67,51.68,"1,27,80,39,837","3,13,20,87,064"
"Feb 22, 2019",49.13,50.03,48.72,49.81,"1,21,36,65,948","3,01,76,77,753"
"Feb 21, 2019",51.84,51.84,48.68,49.15,"1,25,97,34,341","2,97,73,41,432"
"Feb 20, 2019",47.82,52.16,47.41,51.79,"1,58,29,34,318","3,13,61,41,808"
"Feb 19, 2019",48.14,49.18,47.27,47.86,"1,41,70,50,580","2,89,79,71,715"
"Feb 18, 2019",43.88,49.22,43.84,48.04,"1,46,21,80,271","2,90,80,55,843"
"Feb 17, 2019",43.4,44.65,42.91,43.93,"1,08,92,05,822","2,65,83,24,155"
"Feb 16, 2019",42.76,44.18,42.57,43.59,"1,01,78,44,635","2,63,75,00,546"
"Feb 15, 2019",41.64,43.68,41.62,42.7,"1,04,38,20,661","2,58,27,08,735"
"Feb 14, 2019",41.88,42.55,41.27,41.64,"99,77,41,394","2,51,80,31,066"
"Feb 13, 2019",43.83,44.51,41.42,42,"1,08,78,15,590","2,53,90,18,995"
"Feb 12, 2019",43.17,44.14,42.54,43.93,"1,09,85,69,294","2,65,51,15,121"
"Feb 11, 2019",46.88,46.88,42.4,43.18,"1,22,91,69,302","2,60,93,89,133"
"Feb 10, 2019",44.76,47.09,42.9,46.83,"1,42,05,78,823","2,82,89,37,241"
"Feb 09, 2019",43.02,45.86,42.27,44.79,"1,50,99,78,243","2,70,52,00,909"
"Feb 08, 2019",33.24,43.9,33.01,43.46,"1,72,16,91,113","2,62,45,16,069"
"Feb 07, 2019",32.91,33.59,32.88,33.22,"65,20,02,936","2,00,55,95,915"
"Feb 06, 2019",34.35,34.35,32.54,32.93,"74,85,45,366","1,98,76,40,111"
"Feb 05, 2019",34.01,34.39,33.78,34.26,"70,87,12,284","2,06,70,28,132"
"Feb 04, 2019",33.46,34.43,33.46,34.11,"74,00,36,504","2,05,75,98,930"
"Feb 03, 2019",34.43,34.57,33.12,33.44,"82,04,61,891","2,01,67,40,848"
"Feb 02, 2019",32.82,34.56,32.73,34.39,"82,90,64,166","2,07,38,72,814"
"Feb 01, 2019",31.72,33.45,31.13,32.83,"82,59,77,656","1,97,88,56,939"
"Jan 31, 2019",31.89,32.44,31.4,31.65,"65,41,37,406","1,90,75,87,556"
"Jan 30, 2019",31.07,32.09,30.86,31.93,"69,48,22,148","1,92,39,45,742"
"Jan 29, 2019",31.24,31.46,30.44,31.1,"70,78,42,400","1,87,32,46,050"
"Jan 28, 2019",32.52,32.72,30.52,31.2,"81,28,60,294","1,87,89,28,921"
"Jan 27, 2019",33.08,33.35,32.08,32.59,"67,81,49,673","1,96,24,84,749"
"Jan 26, 2019",32.97,33.95,32.87,33.15,"69,44,81,467","1,99,55,30,698"
"Jan 25, 2019",32.82,33.21,32.27,32.98,"66,14,76,020","1,98,48,72,676"
"Jan 24, 2019",32.04,33.04,31.43,32.78,"61,44,05,338","1,97,19,99,182"
"Jan 23, 2019",31.67,32.39,31.56,32,"61,35,21,888","1,92,49,64,952"
"Jan 22, 2019",31.21,32.02,30.32,31.68,"58,93,74,367","1,90,53,92,084"
"Jan 21, 2019",31.19,31.39,30.96,31.21,"53,10,48,792","1,87,65,73,922"
"Jan 20, 2019",32.49,33.35,30.94,31.18,"58,40,24,741","1,87,39,53,844"
"Jan 19, 2019",31.48,33.11,31.37,32.55,"58,57,89,957","1,95,61,01,651"
"Jan 18, 2019",31.91,31.94,30.96,31.31,"56,64,82,194","1,88,11,76,121"
"Jan 17, 2019",31.85,31.95,30.68,31.89,"60,93,89,197","1,91,53,71,847"
"Jan 16, 2019",31.44,32.25,31.27,31.82,"53,93,47,966","1,91,09,76,281"
"Jan 15, 2019",32.38,32.71,31.08,31.51,"52,72,94,088","1,89,15,20,613"
"Jan 14, 2019",30.38,32.73,30.31,32.36,"59,30,98,938","1,94,21,98,294"
"Jan 13, 2019",32.4,33.14,30.13,30.33,"56,42,44,096","1,82,02,14,944"
"Jan 12, 2019",32.46,32.94,32.03,32.38,"49,15,24,393","1,94,28,60,854"
"Jan 11, 2019",33.68,34.1,32.05,32.33,"62,89,80,637","1,93,89,44,919"
"Jan 10, 2019",38.99,39.52,33.03,33.87,"70,11,24,437","2,03,06,71,878"
"Jan 09, 2019",39.45,40.28,38.9,38.99,"50,46,01,883","2,33,70,68,756"
"Jan 08, 2019",37.92,40.95,37.92,39.48,"64,39,46,959","2,36,61,41,319"
"Jan 07, 2019",39.28,39.65,37.61,37.81,"58,68,91,613","2,26,52,84,886"
"Jan 06, 2019",34.85,39.96,34.78,39.3,"80,94,93,170","2,35,41,85,201"
"Jan 05, 2019",32.35,36.14,32.34,34.94,"64,06,07,603","2,09,23,65,506"
"Jan 04, 2019",32.02,33.02,31.44,32.4,"39,10,10,579","1,94,02,04,515"
"Jan 03, 2019",33.35,33.42,31.59,32.03,"34,50,68,249","1,91,71,29,494"
"Jan 02, 2019",32.02,33.79,31.77,33.43,"41,43,31,918","2,00,08,59,669"
"Jan 01, 2019",30.46,32.1,30.26,31.98,"37,94,29,124","1,91,33,87,274"
"Dec 31, 2018",31.98,32,30.16,30.47,"36,77,46,437","1,82,25,04,811"
"Dec 30, 2018",31.42,32.38,31.17,31.98,"40,56,50,440","1,91,22,63,648"
"Dec 29, 2018",32.56,33.34,31.52,31.57,"39,08,68,406","1,88,71,78,390"
"Dec 28, 2018",28.3,33.36,28.3,32.51,"48,69,19,645","1,94,32,59,589"
"Dec 27, 2018",30.96,31.36,28.13,28.29,"44,21,00,051","1,69,08,51,757"
"Dec 26, 2018",31.09,32.2,29.75,30.99,"46,47,21,770","1,85,12,36,647"
"Dec 25, 2018",33.4,33.4,30.45,31.13,"50,88,36,253","1,85,96,63,792"
"Dec 24, 2018",33.47,36.56,33.2,33.2,"53,58,97,387","1,98,23,94,885"
"Dec 23, 2018",31.99,34.15,31.8,33.46,"55,43,17,219","1,99,76,31,552"
"Dec 22, 2018",30.83,31.86,30.33,31.86,"41,95,46,205","1,90,14,10,380"
"Dec 21, 2018",32.73,34.28,30.3,30.8,"54,65,04,526","1,83,77,28,497"
"Dec 20, 2018",29.6,33.26,29.41,32.82,"79,66,45,103","1,95,77,41,036"
"Dec 19, 2018",30.33,31.77,29.45,29.68,"50,54,39,992","1,77,02,86,212"
"Dec 18, 2018",29.27,30.14,28.25,30.14,"49,20,64,386","1,79,72,54,323"
"Dec 17, 2018",25.68,30.4,25.68,29.27,"61,33,85,969","1,74,48,04,499"
"Dec 16, 2018",23.79,26.73,23.78,25.6,"42,45,49,776","1,52,55,79,986"
"Dec 15, 2018",23.46,24.12,23.34,23.78,"29,14,76,162","1,41,70,98,012"
"Dec 14, 2018",23.65,23.75,22.82,23.46,"31,88,51,820","1,39,78,18,608"
"Dec 13, 2018",24.53,24.66,23.61,23.67,"32,89,42,983","1,40,96,64,572"
"Dec 12, 2018",23.8,25.25,23.71,24.49,"36,78,18,943","1,45,84,45,719"
"Dec 11, 2018",24.6,24.95,23.51,23.8,"38,65,33,569","1,41,69,41,471"
"Dec 10, 2018",25.91,26.13,24.5,24.62,"42,36,53,343","1,46,51,68,782"
"Dec 09, 2018",24.8,26.91,24.8,25.95,"47,19,79,152","1,54,39,19,019"
"Dec 08, 2018",25.13,26.63,23.63,24.86,"50,47,51,040","1,47,91,37,860"
"Dec 07, 2018",26.91,26.91,23,25.27,"51,96,22,321","1,50,31,08,920"
"Dec 06, 2018",29.25,30.41,26.92,26.94,"45,12,41,301","1,60,21,41,067"
"Dec 05, 2018",31.22,31.39,29.28,29.3,"39,21,32,740","1,74,15,70,136"
"Dec 04, 2018",31.01,32.15,30.39,31.19,"39,85,21,610","1,85,35,42,250"
"Dec 03, 2018",33.81,33.81,30.49,31.07,"43,18,73,524","1,84,63,19,082"
"Dec 02, 2018",34.26,35.14,33.43,33.71,"40,73,18,732","2,00,27,05,712"
"Dec 01, 2018",32.13,35.15,31.51,34.34,"42,82,86,157","2,03,94,73,601"
"Nov 30, 2018",33.8,34.25,31.43,32.06,"43,11,53,649","1,90,38,50,875"
"Nov 29, 2018",34.72,35.54,33.22,33.8,"47,67,01,013","2,00,62,41,775"
"Nov 28, 2018",31.12,35.98,30.97,34.63,"57,35,50,000","2,05,49,86,531"
"Nov 27, 2018",29.41,31.35,28.82,31.07,"48,66,21,000","1,84,34,30,374"
"Nov 26, 2018",30.87,32.11,28.38,29.41,"52,89,02,000","1,74,47,24,141"
"Nov 25, 2018",29.23,31.91,27.07,30.89,"57,39,38,000","1,83,22,05,976"
"Nov 24, 2018",32.26,33.15,28.76,29.22,"39,69,69,000","1,73,25,10,654"
"Nov 23, 2018",32.02,33.03,31.14,32.16,"46,29,32,000","1,90,65,21,506"
"Nov 22, 2018",34.69,34.9,32.2,32.2,"46,82,18,000","1,90,82,10,440"
"Nov 21, 2018",33.07,34.67,31.89,34.67,"50,40,01,000","2,05,44,60,599"
"Nov 20, 2018",36.57,37.91,31.41,33.04,"61,93,56,000","1,95,76,30,541"
"Nov 19, 2018",42.34,42.34,35.97,36.64,"57,12,41,000","2,17,02,62,912"
"Nov 18, 2018",42.09,42.98,42.01,42.33,"35,20,01,000","2,50,65,44,510"
"Nov 17, 2018",42.49,42.49,41.66,41.93,"33,08,18,000","2,48,23,45,521"
"Nov 16, 2018",43.96,43.96,42.09,42.46,"41,15,07,000","2,51,31,14,190"
"Nov 15, 2018",43.73,44.24,40.78,43.95,"58,87,18,000","2,60,06,34,639"
"Nov 14, 2018",49.58,50.3,41.94,43.61,"60,46,39,000","2,58,00,84,189"
"Nov 13, 2018",50.63,50.97,49.26,49.7,"35,64,33,000","2,93,94,27,818"
"Nov 12, 2018",51.48,51.68,50.47,50.65,"38,81,94,000","2,99,49,28,763"
"Nov 11, 2018",52.32,52.47,50.25,51.36,"41,02,62,000","3,03,65,94,687"
"Nov 10, 2018",51.93,52.7,51.84,52.4,"32,27,13,000","3,09,71,46,196"
"Nov 09, 2018",52.36,52.72,51.67,51.9,"38,67,11,000","3,06,65,13,267"
"Nov 08, 2018",54.19,54.46,52.37,52.37,"35,18,57,000","3,09,40,06,430"
"Nov 07, 2018",56.04,56.16,53.71,54.19,"38,54,12,000","3,20,04,74,366"
"Nov 06, 2018",53.7,55.95,53.48,55.95,"37,15,34,000","3,25,95,62,075"
"Nov 05, 2018",53.59,54.71,53.11,53.55,"39,81,33,000","3,16,13,33,292"
"Nov 04, 2018",50.99,55.14,50.82,53.61,"44,15,33,000","3,16,44,16,254"
"Nov 03, 2018",51.3,51.36,50.76,50.97,"32,51,28,000","3,00,78,85,629"
"Nov 02, 2018",50.34,51.66,50.32,51.33,"36,27,26,000","3,02,82,56,022"
"Nov 01, 2018",49.56,51.03,49.42,50.27,"32,14,92,000","2,96,50,93,308"
"Oct 31, 2018",49.34,49.94,48.32,49.44,"41,07,34,000","2,91,54,36,796"
"Oct 30, 2018",49,49.48,48.79,49.24,"29,54,48,000","2,90,27,92,751"
"Oct 29, 2018",51.83,52.03,48.65,49.07,"37,30,76,000","2,89,22,15,652"
"Oct 28, 2018",52.05,52.17,51.48,51.94,"33,52,37,000","3,06,03,78,328"
"Oct 27, 2018",52.13,52.36,51.77,51.93,"31,23,08,000","3,05,92,70,071"
"Oct 26, 2018",52.22,52.48,51.73,52.1,"29,29,08,000","3,06,83,45,272"
"Oct 25, 2018",52.49,52.51,52.06,52.23,"24,11,17,000","3,07,56,92,176"
"Oct 24, 2018",52.46,53.01,52.29,52.52,"29,10,42,000","3,09,14,71,495"
"Oct 23, 2018",52.24,52.87,51.94,52.54,"27,80,25,000","3,09,22,94,662"
"Oct 22, 2018",52.78,53.11,52.01,52.2,"26,33,37,000","3,07,16,78,875"
"Oct 21, 2018",53.43,53.77,52.71,52.92,"27,35,10,000","3,11,28,06,425"
"Oct 20, 2018",53.07,53.46,52.8,53.36,"25,84,18,000","3,13,83,54,413"
"Oct 19, 2018",52.55,53.6,52.24,53.02,"27,21,30,000","3,11,74,54,727"
"Oct 18, 2018",53.72,53.99,52.13,52.53,"29,64,11,000","3,08,77,79,466"
"Oct 17, 2018",54.26,54.26,53.09,53.67,"29,50,22,000","3,15,42,77,210"
"Oct 16, 2018",54.97,55.48,53.67,54.07,"28,19,17,000","3,17,68,09,629"
"Oct 15, 2018",52.17,57.46,51.91,54.88,"43,17,65,000","3,22,37,00,518"
"Oct 14, 2018",53.51,53.84,52.03,52.19,"24,22,21,000","3,06,47,79,526"
"Oct 13, 2018",53.46,54.28,53.21,53.45,"23,73,33,000","3,13,82,28,770"
"Oct 12, 2018",50.87,53.82,50.87,53.55,"28,08,91,000","3,14,33,48,329"
"Oct 11, 2018",57.98,57.98,50.99,51.23,"34,30,98,000","3,00,64,84,457"
"Oct 10, 2018",58.66,58.66,57.43,57.98,"35,80,09,000","3,40,16,89,393"
"Oct 09, 2018",59.45,59.53,58.21,58.71,"31,85,45,000","3,44,37,77,362"
"Oct 08, 2018",58.23,59.82,57.48,59.41,"34,74,08,000","3,48,39,63,902"
"Oct 07, 2018",57.93,58.36,57.21,58.16,"43,52,70,000","3,40,96,20,085"
"Oct 06, 2018",58.88,58.92,57.27,57.84,"37,59,00,000","3,39,02,24,024"
"Oct 05, 2018",58.33,59.13,57.67,58.77,"37,17,90,000","3,44,34,01,206"
"Oct 04, 2018",57.52,59.05,57.44,58.28,"34,36,02,000","3,41,40,46,744"
"Oct 03, 2018",59.58,59.58,57.08,57.48,"45,24,64,000","3,36,63,07,855"
"Oct 02, 2018",60.3,61.25,59.41,59.71,"44,48,30,000","3,49,60,06,537"
"Oct 01, 2018",61.1,61.73,59.74,60.21,"45,65,83,000","3,52,46,04,880"
"Sep 30, 2018",61.63,62.39,60.15,61.14,"46,30,02,000","3,57,83,64,984"
"Sep 29, 2018",61.64,62.03,59.49,61.61,"35,60,28,000","3,60,46,39,872"
"Sep 28, 2018",63.17,64.42,60.81,61.9,"45,98,62,000","3,62,06,59,227"
"Sep 27, 2018",57.45,64.3,56.92,62.98,"57,42,77,000","3,68,31,09,446"
"Sep 26, 2018",57.45,59.62,56.7,57.4,"29,41,36,000","3,35,57,51,430"
"Sep 25, 2018",58.02,58.15,54.74,57.54,"35,15,79,000","3,36,33,15,938"
"Sep 24, 2018",61.34,61.34,57.3,57.97,"29,63,66,000","3,38,77,11,672"
"Sep 23, 2018",60.55,63.19,60,61.37,"30,48,88,000","3,58,53,75,264"
"Sep 22, 2018",60.81,61.71,57.74,60.44,"29,84,24,000","3,53,01,27,873"
"Sep 21, 2018",56.78,62.06,56.46,60.72,"39,85,50,000","3,54,59,08,289"
"Sep 20, 2018",54.37,57.15,53.64,56.63,"26,06,31,000","3,30,63,09,550"
"Sep 19, 2018",54.02,54.92,52.26,54.33,"27,16,42,000","3,17,12,23,927"
"Sep 18, 2018",52.29,55.1,51,54.1,"29,65,52,000","3,15,66,89,623"
"Sep 17, 2018",57.02,57.75,51.85,52.54,"26,13,25,000","3,06,50,33,151"
"Sep 16, 2018",56.58,57.37,55.06,56.97,"25,39,78,000","3,32,27,93,504"
"Sep 15, 2018",56.34,58.4,56.18,56.71,"25,20,20,000","3,30,68,73,163"
"Sep 14, 2018",54.65,58.44,53.32,56.58,"33,61,90,000","3,29,80,89,236"
"Sep 13, 2018",51.88,55.05,51.76,54.54,"29,50,74,000","3,17,83,46,288"
"Sep 12, 2018",52.39,52.41,47.67,51.66,"29,03,57,000","3,00,97,56,629"
"Sep 11, 2018",54.61,54.78,51.08,52.37,"27,23,79,000","3,05,04,54,271"
"Sep 10, 2018",54.99,56.07,53.5,54.6,"25,12,40,000","3,17,94,65,715"
"Sep 09, 2018",53.27,56.4,52.72,54.92,"25,33,20,000","3,19,77,81,808"
"Sep 08, 2018",56.13,57.61,52.58,53.24,"22,36,84,000","3,09,92,44,507"
"Sep 07, 2018",57.34,58.12,55.51,56.2,"22,96,26,000","3,27,02,99,049"
"Sep 06, 2018",58.32,58.32,54.91,57.49,"35,12,70,000","3,34,44,92,650"
"Sep 05, 2018",67.67,68.12,58.44,58.44,"40,92,26,000","3,39,90,43,578"
"Sep 04, 2018",65.32,68.98,65.23,67.71,"30,82,06,000","3,93,73,24,171"
"Sep 03, 2018",65.82,66.2,64.32,65.37,"23,50,34,000","3,80,05,26,797"
"Sep 02, 2018",65.98,66.9,64.33,65.65,"26,51,04,000","3,81,56,02,461"
"Sep 01, 2018",61.74,67.25,61.74,65.95,"30,65,86,000","3,83,22,31,495"
"Aug 31, 2018",60.42,62.25,59.32,61.93,"26,52,52,000","3,59,73,85,669"
"Aug 30, 2018",61.77,62.03,58.92,60.32,"21,90,94,000","3,50,29,72,843"
"Aug 29, 2018",63.03,63.39,60.74,61.77,"22,06,37,000","3,58,64,29,316"
"Aug 28, 2018",60.23,63.4,59.62,63.02,"24,67,64,000","3,65,84,81,636"
"Aug 27, 2018",57.26,60.42,56.93,60.25,"22,80,72,000","3,49,65,98,714"
"Aug 26, 2018",58.05,58.11,56.24,57.33,"20,65,72,000","3,32,65,64,888"
"Aug 25, 2018",57.92,58.21,57.37,57.91,"18,75,71,000","3,35,90,63,830"
"Aug 24, 2018",57.6,58.28,55.95,57.93,"19,46,76,000","3,35,94,43,513"
"Aug 23, 2018",55.19,57.81,54.39,57.54,"20,51,25,000","3,33,62,08,361"
"Aug 22, 2018",56.66,59.01,54.38,55.32,"22,88,93,000","3,20,64,35,040"
"Aug 21, 2018",53.77,56.8,53.77,56.35,"18,74,86,000","3,26,54,11,241"
"Aug 20, 2018",57.91,58.55,53.98,54,"24,41,92,000","3,12,82,35,978"
"Aug 19, 2018",57.22,58.74,56.54,57.94,"20,44,84,000","3,35,57,70,259"
"Aug 18, 2018",61.56,62.03,55.8,57.28,"24,30,57,000","3,31,65,34,145"
"Aug 17, 2018",55.33,61.51,55.19,61.51,"26,33,83,000","3,56,10,07,625"
"Aug 16, 2018",54.54,57.43,54.51,55.36,"21,17,79,000","3,20,41,20,259"
"Aug 15, 2018",54.68,58.95,54.3,54.5,"28,26,99,000","3,15,35,13,508"
"Aug 14, 2018",57,57.05,51.16,54.56,"25,04,40,000","3,15,61,49,907"
"Aug 13, 2018",59.48,60.6,56.31,56.85,"22,30,61,000","3,28,77,53,598"
"Aug 12, 2018",58.22,61.71,57.96,59.33,"27,63,83,000","3,43,03,79,427"
"Aug 11, 2018",59.49,59.8,55.67,58.36,"25,99,48,000","3,37,36,20,431"
"Aug 10, 2018",63.98,64.93,58.86,59.39,"25,97,81,000","3,43,26,95,951"
"Aug 09, 2018",62.47,65.58,61.3,63.98,"27,00,95,000","3,69,69,31,039"
"Aug 08, 2018",68.16,68.16,62.14,62.49,"31,31,87,000","3,60,98,27,136"
"Aug 07, 2018",74,75.23,68.13,68.17,"29,94,18,000","3,93,69,27,335"
"Aug 06, 2018",75.06,76.59,72.79,73.89,"26,51,34,000","4,26,59,95,090"
"Aug 05, 2018",73.38,75,72.69,74.59,"26,56,27,000","4,30,53,69,689"
"Aug 04, 2018",77.42,77.82,72.76,73.2,"26,27,65,000","4,22,40,04,698"
"Aug 03, 2018",76.3,77.57,74.47,77.54,"29,82,95,000","4,47,31,45,660"
"Aug 02, 2018",77.71,78.54,75.61,76.14,"28,54,66,000","4,39,15,32,340"
"Aug 01, 2018",80.39,80.73,76.4,77.86,"30,15,30,000","4,48,94,24,993"
"Jul 31, 2018",82.69,82.94,76.81,79.7,"31,93,62,000","4,59,49,71,658"
"Jul 30, 2018",84.15,84.71,80.6,82.85,"31,39,98,000","4,77,53,34,189"
"Jul 29, 2018",84.05,85.21,83.38,84.08,"27,66,96,000","4,84,54,28,837"
"Jul 28, 2018",84.54,84.63,82.83,83.62,"27,98,04,992","4,81,76,87,941"
"Jul 27, 2018",83.73,85.22,82.04,84.46,"35,87,98,016","4,86,48,59,011"
"Jul 26, 2018",86.28,88.02,83.19,84.03,"28,65,79,008","4,83,86,52,756"
"Jul 25, 2018",88.66,89.92,85.41,86.28,"31,01,56,992","4,96,70,65,514"
"Jul 24, 2018",82.68,89.29,81.93,89.29,"44,05,72,992","5,13,85,87,102"
"Jul 23, 2018",83.23,86.05,82.31,82.43,"29,60,71,008","4,74,29,39,001"
"Jul 22, 2018",84.26,84.63,82.87,83.16,"24,59,16,992","4,78,32,53,313"
"Jul 21, 2018",82.66,85.25,80.67,84.46,"24,61,52,992","4,85,73,61,115"
"Jul 20, 2018",86.68,86.68,82.42,82.75,"28,74,48,000","4,75,79,74,241"
"Jul 19, 2018",86.9,88.83,85.79,86.67,"30,77,85,984","4,98,17,59,675"
"Jul 18, 2018",89.82,93.65,86.03,86.96,"37,54,28,992","4,99,74,38,569"
"Jul 17, 2018",84.3,90.31,83,89.81,"34,18,36,000","5,15,95,54,161"
"Jul 16, 2018",78.96,84.6,78.21,84.6,"30,79,04,000","4,85,89,50,162"
"Jul 15, 2018",76.7,79.65,76.02,78.94,"23,04,67,008","4,53,27,84,609"
"Jul 14, 2018",76.97,77.54,76.18,76.72,"19,77,76,000","4,40,43,38,246"
"Jul 13, 2018",77.29,78.43,76.11,76.94,"25,60,38,000","4,41,58,40,363"
"Jul 12, 2018",78.59,78.59,75.31,76.81,"26,73,96,992","4,40,70,32,324"
"Jul 11, 2018",76.13,80.8,76.07,78.7,"28,49,15,008","4,51,44,47,288"
"Jul 10, 2018",80.78,80.88,75.38,76.08,"32,16,14,016","4,36,33,05,676"
"Jul 09, 2018",82.54,83.26,80.75,80.86,"26,33,26,000","4,63,60,50,015"
"Jul 08, 2018",86.26,86.68,82.18,82.4,"23,96,55,008","4,72,29,77,524"
"Jul 07, 2018",83.4,86.2,80.7,86.2,"23,89,36,992","4,93,98,34,011"
"Jul 06, 2018",83.84,84.6,81.32,83.38,"25,31,60,000","4,77,67,62,278"
"Jul 05, 2018",85.65,86.67,82.54,83.76,"30,61,21,984","4,79,74,18,574"
"Jul 04, 2018",85.17,89.12,84.02,85.49,"28,22,22,016","4,89,55,97,691"
"Jul 03, 2018",85.39,89.28,84.73,85.1,"34,39,00,992","4,87,19,76,744"
"Jul 02, 2018",80.27,86.27,78.69,85.26,"30,24,71,008","4,87,97,60,110"
"Jul 01, 2018",81.5,81.61,78.36,80.24,"34,34,01,984","4,59,17,23,093"
"Jun 30, 2018",78.95,83.24,78.95,81.37,"27,65,50,016","4,65,53,06,527"
"Jun 29, 2018",74.81,80.18,73.17,78.77,"30,93,39,008","4,50,50,43,163"
"Jun 28, 2018",80.63,81.04,74.44,74.93,"26,34,14,000","4,28,43,30,181"
"Jun 27, 2018",76.93,81.34,75.86,80.66,"27,41,28,000","4,61,08,79,160"
"Jun 26, 2018",81.82,82.5,76.85,76.87,"25,84,32,992","4,39,30,58,423"
"Jun 25, 2018",80.37,86.07,79.02,81.83,"45,83,66,016","4,67,58,21,027"
"Jun 24, 2018",82.74,83.39,74.29,80.78,"44,98,84,992","4,61,42,86,500"
"Jun 23, 2018",85.09,86.36,81.64,82.6,"43,92,03,008","4,71,74,54,160"
"Jun 22, 2018",96.94,97.12,81.4,85.08,"45,86,36,992","4,85,74,42,768"
"Jun 21, 2018",97.88,98.87,96.36,96.93,"26,15,44,000","5,53,26,58,033"
"Jun 20, 2018",98.96,99.2,95.97,97.99,"26,13,92,000","5,59,21,75,727"
"Jun 19, 2018",98.73,100.82,97.4,98.84,"28,49,82,016","5,63,89,67,092"
"Jun 18, 2018",95.77,99.81,93.91,98.82,"28,29,37,984","5,63,65,16,739"
"Jun 17, 2018",97.72,98.66,95.53,96.1,"24,23,31,008","5,48,02,26,337"
"Jun 16, 2018",96.58,98.35,93.97,97.58,"25,93,24,992","5,56,28,76,559"
"Jun 15, 2018",101.11,101.11,95.6,96.68,"29,32,84,992","5,51,01,42,475"
"Jun 14, 2018",93.99,102.42,93.61,101.15,"36,77,42,016","5,76,40,20,026"
"Jun 13, 2018",100.8,100.95,91.29,94.08,"36,04,92,992","5,35,93,61,892"
"Jun 12, 2018",107.43,108.06,99.37,100.75,"33,31,63,008","5,73,82,82,059"
"Jun 11, 2018",106.54,108.85,104.12,107.52,"33,14,30,016","6,12,18,74,767"
"Jun 10, 2018",117.56,117.56,104.08,107.04,"39,98,89,984","6,09,35,73,160"
"Jun 09, 2018",120.11,121.03,117.74,117.74,"24,22,35,008","6,70,08,60,850"
"Jun 08, 2018",121.52,121.95,118.71,120.08,"28,58,31,008","6,83,24,64,151"
"Jun 07, 2018",121.34,123.18,119.62,121.43,"36,56,70,016","6,90,70,65,820"
"Jun 06, 2018",121.89,122.14,118.56,121.18,"32,41,58,016","6,89,13,40,696"
"Jun 05, 2018",119.9,122.01,116.44,121.7,"30,08,92,000","6,91,88,72,000"
"Jun 04, 2018",125.21,126.33,118.73,119.9,"29,97,80,992","6,81,47,22,748"
"Jun 03, 2018",123.29,127.37,122.37,125.5,"32,27,87,008","7,13,09,94,474"
"Jun 02, 2018",119.83,123.89,118.96,123.31,"31,08,00,000","7,00,46,94,349"
"Jun 01, 2018",118.03,120.2,117.12,119.92,"29,08,86,016","6,81,03,65,343"
"May 31, 2018",117.32,120.59,116.64,118.07,"29,71,83,008","6,70,41,55,892"
"May 30, 2018",119.54,122.38,116.02,117.53,"30,52,75,008","6,67,17,86,966"
"May 29, 2018",111.84,121.96,110.9,119.57,"35,05,20,000","6,78,57,79,703"
"May 28, 2018",117.93,119.08,111.48,111.6,"29,57,23,008","6,33,18,61,061"
"May 27, 2018",118.5,118.85,116.99,117.99,"25,87,27,008","6,69,29,69,134"
"May 26, 2018",119.35,122.25,117.87,118.28,"27,58,51,008","6,70,74,50,005"
"May 25, 2018",122.56,124.2,117.82,119.44,"29,77,43,008","6,77,19,22,223"
"May 24, 2018",119.19,124.37,115.89,122.61,"34,58,57,984","6,95,00,14,204"
"May 23, 2018",128.81,129.33,117.35,119.31,"37,33,29,984","6,76,12,19,902"
"May 22, 2018",134.26,135.6,128.33,128.68,"29,44,47,008","7,28,97,26,772"
"May 21, 2018",139.64,139.64,133.93,134.51,"30,83,76,992","7,61,81,47,582"
"May 20, 2018",135.27,140.32,133.79,139.7,"32,49,83,008","7,91,00,23,833"
"May 19, 2018",135.96,137.5,133.87,135.32,"31,09,63,008","7,66,00,47,420"
"May 18, 2018",132.7,137.05,129.7,136.06,"37,16,88,000","7,69,99,46,952"
"May 17, 2018",139.56,141.17,131.95,132.77,"32,02,48,992","7,51,21,42,011"
"May 16, 2018",139.65,140.65,135.28,139.27,"35,16,89,984","7,87,75,77,804"
"May 15, 2018",147.49,149.38,138.57,139.88,"41,59,84,992","7,91,00,44,417"
"May 14, 2018",144.62,152.15,136.07,147.71,"58,42,22,016","8,35,09,39,002"
"May 13, 2018",141.8,147.25,137.65,144.59,"38,32,24,000","8,17,21,51,736"
"May 12, 2018",137.26,144.42,132.59,141.88,"41,01,84,992","8,01,69,73,264"
"May 11, 2018",149.45,149.45,134.73,137.12,"53,04,16,000","7,74,57,51,348"
"May 10, 2018",157.15,160.34,149.34,149.87,"42,66,94,016","8,46,38,34,937"
"May 09, 2018",159.62,159.62,152.6,157.05,"44,81,36,000","8,86,73,15,508"
"May 08, 2018",164.83,167.98,158.16,159.62,"46,63,08,992","9,00,96,11,517"
"May 07, 2018",171.76,171.92,158.93,164.88,"57,32,81,024","9,30,42,14,739"
"May 06, 2018",178.02,182.88,166.18,171.8,"62,62,70,016","9,69,22,32,318"
"May 05, 2018",168.35,181.63,168.35,177.76,"74,12,46,016","10,02,57,61,273"
"May 04, 2018",160.47,170.38,157.94,168.79,"63,30,54,976","9,51,69,19,409"
"May 03, 2018",151.86,164,151.01,161.46,"61,79,84,000","9,10,12,64,231"
"May 02, 2018",148.45,152.89,146.98,151.58,"35,46,56,992","8,54,20,44,175"
"May 01, 2018",148.34,148.54,143.94,148.49,"34,21,52,000","8,36,59,45,726"
"Apr 30, 2018",153.65,154.08,147.87,148.48,"34,13,96,992","8,36,30,95,109"
"Apr 29, 2018",152.16,155.62,148.9,153.63,"38,80,81,984","8,65,09,21,305"
"Apr 28, 2018",145.74,153.33,145.74,152.3,"33,71,16,992","8,57,34,67,173"
"Apr 27, 2018",153.44,153.62,145.9,145.9,"38,67,42,016","8,21,14,18,534"
"Apr 26, 2018",144.7,153.82,142.64,153.68,"41,24,36,992","8,64,66,85,578"
"Apr 25, 2018",165.09,165.09,142.59,144.76,"61,34,67,008","8,14,29,94,938"
"Apr 24, 2018",152.57,165.94,152.57,165.78,"64,35,58,016","9,32,30,40,641"
"Apr 23, 2018",146.67,152.77,146.67,152.25,"37,60,60,000","8,55,98,30,144"
"Apr 22, 2018",148.61,152.23,145.31,146.77,"33,87,35,008","8,24,96,32,683"
"Apr 21, 2018",155.68,156.61,142.18,148.93,"48,29,24,000","8,36,86,21,973"
"Apr 20, 2018",146.5,155.72,143.84,155.54,"49,19,45,984","8,73,72,34,629"
"Apr 19, 2018",140.04,146.87,138.96,146.3,"40,87,36,000","8,21,62,06,205"
"Apr 18, 2018",132.38,140.85,132.38,140,"38,11,61,984","7,86,00,31,849"
"Apr 17, 2018",128.71,139.65,128.71,132.93,"53,23,36,000","7,46,11,07,435"
"Apr 16, 2018",131.97,132.63,125.24,128.34,"29,08,55,008","7,20,14,43,158"
"Apr 15, 2018",126.67,132.04,126.67,132.04,"27,44,27,008","7,40,77,32,783"
"Apr 14, 2018",125.22,129.34,124.77,126.29,"25,88,06,000","7,08,31,09,035"
"Apr 13, 2018",129.27,133.04,124.06,125.35,"45,80,40,000","7,02,85,53,368"
"Apr 12, 2018",118.29,129.34,113.55,129.34,"58,75,10,976","7,24,98,88,005"
"Apr 11, 2018",114.29,119.09,113.33,118.29,"23,00,68,992","6,62,89,96,616"
"Apr 10, 2018",115.21,115.4,112.52,114.26,"20,28,79,008","6,40,18,17,412"
"Apr 09, 2018",117.78,122.43,113.32,114.99,"26,01,71,008","6,44,08,41,467"
"Apr 08, 2018",116.29,118.55,115.95,117.67,"19,46,64,000","6,58,93,92,072"
"Apr 07, 2018",113.14,119.38,113.1,116.26,"21,14,70,000","6,50,86,57,630"
"Apr 06, 2018",118.82,119.93,112.79,113.15,"23,31,90,000","6,33,32,58,411"
"Apr 05, 2018",118.21,121.29,114.47,119.13,"29,40,22,016","6,66,59,17,788"
"Apr 04, 2018",133.91,134.61,116.58,118.41,"38,03,51,008","6,62,38,48,143"
"Apr 03, 2018",119.51,136.45,118.58,134.47,"37,54,08,992","7,52,00,99,456"
"Apr 02, 2018",115.24,121.42,114.72,119.31,"27,17,03,008","6,67,03,29,213"
"Apr 01, 2018",116.9,117.83,110.52,115.22,"27,41,82,016","6,44,02,92,739"
"Mar 31, 2018",118.64,123.87,116.18,116.61,"29,54,39,008","6,51,59,46,056"
"Mar 30, 2018",114.8,124.9,110.26,118.6,"46,84,39,008","6,62,53,96,575"
"Mar 29, 2018",131.93,132.61,113.93,114.68,"47,68,04,000","6,40,47,46,988"
"Mar 28, 2018",135.49,140.13,131.03,131.75,"32,83,74,016","7,35,60,10,690"
"Mar 27, 2018",148.96,149.62,135.78,135.78,"38,51,04,000","7,57,91,79,651"
"Mar 26, 2018",160.16,160.99,143.12,149.22,"40,71,35,008","8,32,72,33,976"
"Mar 25, 2018",158.86,162.72,157.52,160.08,"24,14,31,008","8,93,10,55,242"
"Mar 24, 2018",168.53,168.65,159.63,159.63,"29,02,70,016","8,90,32,92,216"
"Mar 23, 2018",163.58,167.83,157.26,167.83,"34,80,56,000","9,35,81,53,821"
"Mar 22, 2018",168.72,172.31,161.11,163.67,"40,49,96,992","9,12,42,49,896"
"Mar 21, 2018",169.56,175.26,166.62,169.05,"46,25,36,000","9,42,15,55,108"
"Mar 20, 2018",161.52,173.3,156.82,168.82,"49,28,92,000","9,40,59,93,910"
"Mar 19, 2018",155.48,163.05,151.66,161.14,"50,48,32,992","8,97,61,21,254"
"Mar 18, 2018",152.54,156.15,138.02,154.07,"59,59,55,008","8,58,01,89,410"
"Mar 17, 2018",165.19,165.22,151.06,152.97,"40,38,08,992","8,51,65,00,296"
"Mar 16, 2018",164.82,171.26,158.99,165.45,"43,66,28,000","9,20,89,68,693"
"Mar 15, 2018",161.2,167.33,151.48,164.48,"56,46,09,024","9,15,21,61,117"
"Mar 14, 2018",175.94,177.55,158.63,161.1,"48,06,52,992","8,96,21,06,001"
"Mar 13, 2018",177.6,181.87,172.26,175.78,"46,80,94,016","9,77,63,93,862"
"Mar 12, 2018",189.02,193.34,175.88,178.23,"56,76,28,992","9,90,99,60,606"
"Mar 11, 2018",177.51,193.48,172.47,188.95,"66,93,77,984","10,50,27,93,498"
"Mar 10, 2018",188.11,194.65,176.54,177.73,"62,58,08,000","9,87,68,81,425"
"Mar 09, 2018",176.48,189.91,160.43,187.17,"94,33,63,968","10,39,84,44,427"
"Mar 08, 2018",185.7,188.15,176.17,176.51,"61,25,08,992","9,80,40,70,597"
"Mar 07, 2018",196.83,199.27,175.65,185.84,"75,59,24,992","10,31,94,59,551"
"Mar 06, 2018",210.51,210.51,193.16,196.6,"66,10,78,016","10,91,40,25,494"
"Mar 05, 2018",213.74,215.98,209.25,211.18,"59,48,28,992","11,71,97,82,021"
"Mar 04, 2018",210.24,214.12,205.36,213.8,"57,46,75,008","11,86,20,48,436"
"Mar 03, 2018",213.84,217.76,209.54,210.64,"68,18,65,984","11,68,39,55,341"
"Mar 02, 2018",209.55,213.13,204.88,212.56,"62,71,42,016","11,78,68,64,287"
"Mar 01, 2018",203.12,214.7,201.54,209.75,"67,85,42,016","11,62,81,16,966"
"Feb 28, 2018",217.28,223.51,202.71,202.9,"76,13,21,984","11,24,51,67,904"
"Feb 27, 2018",221.71,224.21,215.84,216.6,"85,64,54,016","12,00,15,57,417"
"Feb 26, 2018",222.14,234.42,218.74,220.96,"1,29,70,80,064","12,24,01,19,979"
"Feb 25, 2018",208.13,225.55,202.37,220.48,"1,02,85,90,016","12,20,99,56,904"
"Feb 24, 2018",210.64,220.31,197.88,209.42,"93,73,12,000","11,59,49,12,515"
"Feb 23, 2018",194.19,216.13,184.07,209.31,"1,06,56,80,000","11,58,56,94,405"
"Feb 22, 2018",212.84,222.77,191.81,195.31,"97,43,79,008","10,80,77,70,154"
"Feb 21, 2018",230.95,235.41,208.93,213.35,"1,19,58,20,032","11,80,31,14,422"
"Feb 20, 2018",223.09,253.9,222.51,232.85,"1,73,96,70,016","12,87,84,14,402"
"Feb 19, 2018",215.41,226.97,215.38,223.06,"76,75,96,992","12,33,34,59,061"
"Feb 18, 2018",230.51,232.64,214.46,215.74,"1,01,11,20,000","11,92,56,50,529"
"Feb 17, 2018",229.5,233.45,225.6,229.46,"86,34,01,024","12,68,11,38,421"
"Feb 16, 2018",225.5,236.09,212.33,230.12,"1,30,00,89,984","12,71,40,36,456"
"Feb 15, 2018",212.35,237.88,211.17,225.43,"2,08,72,89,984","12,45,12,26,607"
"Feb 14, 2018",159.58,218.23,159.58,213.36,"2,38,33,40,032","11,78,15,84,374"
"Feb 13, 2018",161.77,162.37,153.51,159.55,"48,34,68,000","8,80,81,87,849"
"Feb 12, 2018",150.1,163.35,150.1,161.57,"53,57,10,016","8,91,68,08,662"
"Feb 11, 2018",155.39,155.73,142.61,148.99,"49,57,20,000","8,22,05,69,162"
"Feb 10, 2018",163.49,169.33,149.14,155.59,"57,63,28,000","8,58,26,16,174"
"Feb 09, 2018",149.73,163.98,142.59,163.95,"72,22,04,992","9,04,13,64,283"
"Feb 08, 2018",138.34,151.08,138.34,149.47,"86,92,06,976","8,24,04,05,570"
"Feb 07, 2018",142.48,157.9,131.52,138.2,"81,78,08,000","7,61,72,84,052"
"Feb 06, 2018",127.52,146.11,106.94,142.99,"1,14,84,09,984","7,87,91,37,720"
"Feb 05, 2018",148.73,153.52,118.15,125.33,"84,46,78,016","6,90,39,38,802"
"Feb 04, 2018",160.38,173.8,139.69,148.02,"1,00,60,80,000","8,15,19,08,186"
"Feb 03, 2018",131.4,165.55,121.17,160.25,"68,76,76,032","8,82,27,61,363"
"Feb 02, 2018",142.56,142.56,105.35,131.38,"81,55,39,968","7,23,11,80,059"
"Feb 01, 2018",163.68,165.81,131.55,142.3,"53,98,80,000","7,83,01,31,933"
"Jan 31, 2018",165.3,167.07,157.65,163.35,"36,32,92,992","8,98,60,99,109"
"Jan 30, 2018",181.45,181.52,163.03,165.28,"43,32,27,008","9,08,97,47,498"
"Jan 29, 2018",193.75,194.39,179.23,181.66,"30,35,60,992","9,98,81,97,030"
"Jan 28, 2018",181.42,194.68,181.42,193.87,"36,35,15,008","10,65,60,38,484"
"Jan 27, 2018",176.66,183.15,174.88,180.89,"29,16,32,992","9,94,00,21,814"
"Jan 26, 2018",179.82,182.89,167.08,176.73,"37,54,76,992","9,70,90,25,118"
"Jan 25, 2018",181.56,185.42,176.35,180.27,"36,31,37,984","9,90,04,58,587"
"Jan 24, 2018",178.43,186.28,173.72,179.99,"37,59,48,992","9,88,22,05,701"
"Jan 23, 2018",180.28,186.31,165.73,177.81,"44,17,64,992","9,75,98,76,577"
"Jan 22, 2018",191.79,195.25,166.88,180.01,"49,40,91,008","9,87,81,15,975"
"Jan 21, 2018",211.24,211.24,184.64,190.42,"46,35,16,000","10,44,67,73,723"
"Jan 20, 2018",194.38,214.59,194.38,211.02,"54,07,85,984","11,57,37,85,098"
"Jan 19, 2018",191.19,202.07,186.94,192.96,"56,02,84,032","10,58,07,77,289"
"Jan 18, 2018",186.95,207.02,176.83,192.84,"93,67,84,000","10,57,09,69,164"
"Jan 17, 2018",190.15,197.79,141.01,186.52,"1,42,24,89,984","10,22,17,26,464"
"Jan 16, 2018",232.82,232.82,152.29,188.33,"1,40,50,69,952","10,31,83,60,404"
"Jan 15, 2018",237.29,245,232.77,232.77,"60,17,69,984","12,74,97,49,658"
"Jan 14, 2018",260.58,270.85,234.27,238.68,"88,64,14,976","13,06,96,24,172"
"Jan 13, 2018",236.88,263.2,236.88,259.19,"96,10,43,008","14,18,90,82,270"
"Jan 12, 2018",229.79,243.59,224.82,236.86,"69,11,60,000","12,96,28,93,955"
"Jan 11, 2018",251.52,255.05,223,229.37,"1,07,93,89,952","12,54,98,54,307"
"Jan 10, 2018",248.07,251.05,233.86,250.52,"1,00,99,10,016","13,70,35,30,794"
"Jan 09, 2018",254.61,258.5,240.18,247.04,"94,08,25,024","13,50,96,71,202"
"Jan 08, 2018",287.73,289.07,237.66,255.76,"1,18,20,80,000","13,98,34,22,101"
"Jan 07, 2018",296.05,305.53,281.93,288.45,"1,05,54,00,000","15,76,65,32,096"
"Jan 06, 2018",249.77,323.11,249.41,296.45,"2,26,47,40,096","16,20,00,57,346"
"Jan 05, 2018",241.03,256.15,237.88,249.27,"1,71,05,99,936","13,61,81,56,609"
"Jan 04, 2018",245.48,245.48,227.01,241.37,"3,48,15,50,080","13,18,30,94,320"
"Jan 03, 2018",255.7,260.74,243.13,245.37,"3,21,52,80,128","13,39,76,10,073"
"Jan 02, 2018",228.99,263.63,228.99,255.68,"1,23,79,49,952","13,95,71,97,179"
"Jan 01, 2018",231.67,236.63,222.2,229.03,"63,31,42,016","12,49,92,14,454"
"Dec 31, 2017",216.98,237.79,213.81,232.1,"77,10,41,984","12,66,31,94,467"
"Dec 30, 2017",245.09,245.43,208.2,218.96,"94,36,67,008","11,94,35,13,791"
"Dec 29, 2017",250.35,258.04,238.33,245.5,"1,39,22,10,048","13,38,74,59,289"
"Dec 28, 2017",272.13,273.18,231.38,249.93,"2,59,32,40,064","13,62,51,85,918"
"Dec 27, 2017",286.59,290.94,264.42,272.17,"77,71,37,984","14,83,38,11,828"
"Dec 26, 2017",273.11,289.51,272.26,286.5,"84,29,93,024","15,61,05,45,231"
"Dec 25, 2017",277.49,286.79,269.57,273.39,"80,43,77,024","14,89,17,46,902"
"Dec 24, 2017",291.01,291.01,251.04,275.98,"1,12,29,09,952","15,02,89,55,417"
"Dec 23, 2017",269.27,312.67,261.64,288.27,"1,35,25,79,968","15,69,35,63,723"
"Dec 22, 2017",319.26,320.3,187.48,264.93,"2,93,80,40,064","14,41,92,50,802"
"Dec 21, 2017",314.66,339.74,299.53,317.46,"1,55,59,39,968","17,27,34,90,963"
"Dec 20, 2017",349.6,349.6,308.63,314.62,"2,10,40,60,032","17,11,44,72,564"
"Dec 19, 2017",359.13,375.29,335.67,350.25,"2,15,04,79,872","19,04,78,02,998"
"Dec 18, 2017",318.95,360.93,302,358.34,"1,96,65,99,936","19,48,26,23,741"
"Dec 17, 2017",301.78,332.59,301.78,318.72,"1,70,35,80,032","17,32,38,22,452"
"Dec 16, 2017",299.34,309.9,290.13,298.97,"1,29,13,79,968","16,24,59,54,060"
"Dec 15, 2017",280.97,316.41,251.22,299.78,"2,59,99,40,096","16,28,47,02,205"
"Dec 14, 2017",301.2,311.32,265.66,279.33,"2,11,48,80,000","15,16,94,67,973"
"Dec 13, 2017",315.36,341.8,287.48,302.6,"3,40,97,89,952","16,42,86,50,865"
"Dec 12, 2017",212.46,341.72,209.68,316.16,"6,96,16,79,872","17,15,97,53,614"
"Dec 11, 2017",148.26,225.29,147.34,214.2,"2,91,39,79,904","11,62,29,77,831"
"Dec 10, 2017",155.63,155.63,130.16,148.66,"1,08,73,40,032","8,06,38,39,922"
"Dec 09, 2017",127.48,171.55,126.59,155.24,"2,43,65,39,904","8,41,79,83,192"
"Dec 08, 2017",98.33,133.07,95.4,124.85,"1,51,55,59,936","6,76,76,49,865"
"Dec 07, 2017",99.98,101.34,92.27,98.29,"64,56,91,008","5,32,59,79,410"
"Dec 06, 2017",102.48,104.82,97.31,100.35,"54,75,12,000","5,43,56,39,653"
"Dec 05, 2017",104.28,104.3,101.84,102.4,"32,87,26,016","5,54,44,50,235"
"Dec 04, 2017",101.4,104.24,96.53,104.24,"33,11,51,008","5,64,21,70,447"
"Dec 03, 2017",100.19,106.39,98.1,101.26,"36,40,22,016","5,47,95,54,408"
"Dec 02, 2017",98.94,103.79,98.32,100.28,"40,25,53,984","5,42,51,72,171"
"Dec 01, 2017",88,100.41,83.74,99,"56,13,42,976","5,35,46,97,600"
"Nov 30, 2017",86.25,93.54,78.08,88.33,"48,19,48,000","4,77,62,95,620"
"Nov 29, 2017",96.01,104.61,81.77,85.57,"78,68,19,968","4,62,58,10,651"
"Nov 28, 2017",91.72,96.03,90.34,96.03,"38,89,31,008","5,18,97,29,757"
"Nov 27, 2017",85.89,93.29,85.89,91.6,"42,95,91,008","4,94,87,35,851"
"Nov 26, 2017",88.94,88.94,84.02,85.93,"35,74,56,992","4,64,05,80,647"
"Nov 25, 2017",77.91,89.37,77.52,88.82,"48,78,96,992","4,79,52,25,155"
"Nov 24, 2017",73.14,77.97,72.81,77.97,"28,73,92,000","4,20,84,40,987"
"Nov 23, 2017",71.98,76.4,70.9,73.22,"31,52,47,008","3,95,13,01,844"
"Nov 22, 2017",70.18,71.95,70.18,71.89,"15,78,90,000","3,87,85,07,510"
"Nov 21, 2017",72.2,72.53,68.11,70.03,"23,16,64,992","3,77,69,54,172"
"Nov 20, 2017",71.41,72.92,70.79,72.25,"18,89,76,000","3,89,58,76,984"
"Nov 19, 2017",69.51,72.98,68.6,71.59,"24,30,56,992","3,85,88,85,781"
"Nov 18, 2017",67.41,69.77,65.71,69.64,"17,40,63,008","3,75,28,08,798"
"Nov 17, 2017",70.45,71.12,65.78,67.57,"35,05,04,992","3,63,99,39,202"
"Nov 16, 2017",63.81,72.48,62.94,71.06,"41,81,28,992","3,82,70,31,146"
"Nov 15, 2017",62.78,65.52,62.71,63.82,"19,46,36,000","3,43,64,73,712"
"Nov 14, 2017",61.64,63.81,60.87,62.68,"17,41,11,008","3,37,40,59,000"
"Nov 13, 2017",59.18,62.76,58.85,61.4,"23,74,78,000","3,30,41,48,265"
"Nov 12, 2017",62.31,62.31,57.41,59.01,"32,28,20,000","3,17,46,62,071"
"Nov 11, 2017",59.35,63.71,59.24,62.3,"27,24,94,016","3,35,09,86,565"
"Nov 10, 2017",64.44,65.9,56.91,59.26,"29,15,96,000","3,18,63,81,939"
"Nov 09, 2017",62.49,66.84,61.73,64.27,"27,96,52,992","3,45,46,92,871"
"Nov 08, 2017",61.11,64.07,60.79,62.57,"34,94,54,016","3,36,25,86,560"
"Nov 07, 2017",54.99,63.81,54.99,61.3,"40,26,70,016","3,29,30,59,021"
"Nov 06, 2017",54.76,56.17,53.95,55.17,"13,39,18,000","2,96,33,90,868"
"Nov 05, 2017",55.03,55.48,54.63,54.75,"8,43,02,000","2,93,96,87,734"
"Nov 04, 2017",56.22,56.37,54.94,55.04,"8,36,33,104","2,95,45,62,413"
"Nov 03, 2017",54.58,56.29,54.28,56.18,"15,00,30,000","3,01,50,87,608"
"Nov 02, 2017",53.56,55.28,50.85,54.74,"22,10,76,992","2,93,67,96,129"
"Nov 01, 2017",55.74,55.74,53.18,53.18,"11,27,59,000","2,85,26,14,515"
"Oct 31, 2017",56.37,56.79,55.72,55.75,"9,93,81,104","2,98,98,58,627"
"Oct 30, 2017",56.84,58.55,56.24,56.39,"12,92,87,000","3,02,31,93,804"
"Oct 29, 2017",54.67,57.75,54.49,57.11,"13,83,40,000","3,06,06,76,463"
"Oct 28, 2017",55.38,56.13,54.57,54.69,"7,10,63,200","2,93,05,69,300"
"Oct 27, 2017",55.67,56.25,55.15,55.33,"7,89,23,104","2,96,39,13,613"
"Oct 26, 2017",56.47,57.15,55.28,55.74,"8,11,04,704","2,98,48,09,327"
"Oct 25, 2017",55.95,56.58,54.09,56.49,"11,45,10,000","3,02,45,24,457"
"Oct 24, 2017",54.96,59.1,53.29,55.96,"19,97,88,992","2,99,52,87,986"
"Oct 23, 2017",56.77,56.77,52.87,54.92,"17,73,15,008","2,93,86,85,570"
"Oct 22, 2017",58.27,58.65,56.44,56.81,"9,67,81,400","3,03,88,22,573"
"Oct 21, 2017",60.3,60.52,56.83,58.2,"13,95,03,008","3,11,26,05,047"
"Oct 20, 2017",59.81,61.88,58.56,60.33,"15,05,42,000","3,22,55,77,482"
"Oct 19, 2017",60.82,61.29,58.71,59.74,"16,09,43,008","3,19,31,24,743"
"Oct 18, 2017",59.59,61.75,53.79,60.73,"28,38,68,992","3,24,52,32,732"
"Oct 17, 2017",64.67,64.7,58.85,59.48,"20,53,63,008","3,17,74,62,298"
"Oct 16, 2017",65.72,66.34,62.69,64.62,"20,04,28,000","3,45,12,97,832"
"Oct 15, 2017",64.13,70.09,62.55,65.47,"45,39,40,000","3,49,54,62,090"
"Oct 14, 2017",59.41,66.19,58.6,63.95,"31,31,05,984","3,41,33,79,168"
"Oct 13, 2017",60.55,60.96,55.84,59.43,"35,71,24,000","3,17,11,16,142"
"Oct 12, 2017",50.89,60.11,50.87,60.11,"34,13,68,992","3,20,64,64,408"
"Oct 11, 2017",50.75,51.14,50.32,50.89,"5,73,90,100","2,71,39,09,626"
"Oct 10, 2017",50.15,51.67,49.86,50.72,"9,04,15,504","2,70,41,30,908"
"Oct 09, 2017",53.08,53.39,48.47,50.16,"15,23,66,000","2,67,39,83,611"
"Oct 08, 2017",52.49,54.51,52.26,53.14,"10,08,41,000","2,83,20,01,431"
"Oct 07, 2017",52.14,52.75,51.64,52.58,"5,17,86,200","2,80,14,57,684"
"Oct 06, 2017",51.64,52.6,51.53,52.12,"5,93,55,900","2,77,59,93,787"
"Oct 05, 2017",51.4,51.87,50.44,51.67,"6,95,94,400","2,75,12,41,080"
"Oct 04, 2017",52.28,53.05,50.83,51.4,"7,74,73,400","2,73,61,60,242"
"Oct 03, 2017",53.39,53.59,51.59,52.35,"8,85,16,096","2,78,59,38,781"
"Oct 02, 2017",54.55,54.78,53.26,53.38,"9,54,74,600","2,83,97,74,397"
"Oct 01, 2017",55.14,55.16,53.63,54.54,"10,01,83,000","2,90,10,76,714"
"Sep 30, 2017",52.63,55.23,52.62,55.14,"13,14,46,000","2,93,20,74,835"
"Sep 29, 2017",54.11,54.16,50.42,52.62,"18,65,60,000","2,79,72,77,252"
"Sep 28, 2017",56.21,56.67,53.41,54.09,"20,20,08,992","2,87,41,85,280"
"Sep 27, 2017",51.58,56.54,51.58,56.28,"22,03,63,008","2,99,01,32,970"
"Sep 26, 2017",51.69,53.7,51.08,51.55,"17,36,63,008","2,73,78,18,455"
"Sep 25, 2017",47.62,52.44,47.57,51.58,"20,86,40,992","2,73,88,22,452"
"Sep 24, 2017",49.25,49.27,47.52,47.62,"8,21,47,104","2,52,77,46,379"
"Sep 23, 2017",48.16,49.79,46.69,49.27,"14,20,72,992","2,61,47,60,414"
"Sep 22, 2017",46.65,49.09,45.19,48.09,"21,81,34,000","2,55,13,51,872"
"Sep 21, 2017",51.66,52.31,45.67,46.61,"22,93,63,008","2,47,18,92,746"
"Sep 20, 2017",52.74,53.83,51.25,51.73,"16,02,52,000","2,74,30,90,712"
"Sep 19, 2017",55.68,55.88,51.05,52.84,"28,65,83,008","2,80,06,67,554"
"Sep 18, 2017",48.53,55.61,48.53,55.53,"40,86,75,008","2,94,24,96,799"
"Sep 17, 2017",48.23,49.88,45.12,48.49,"24,52,62,000","2,56,89,44,479"
"Sep 16, 2017",48.13,52.83,46.46,48.26,"56,22,78,016","2,55,59,26,415"
"Sep 15, 2017",41.69,50.65,32.03,48.21,"1,55,43,39,968","2,55,27,70,743"
"Sep 14, 2017",61.64,62.43,41.25,41.58,"74,97,13,984","2,20,12,22,135"
"Sep 13, 2017",64.32,64.6,58.93,61.73,"50,15,21,984","3,26,66,12,281"
"Sep 12, 2017",66.24,70.25,63.86,64.23,"48,12,17,984","3,39,81,68,751"
"Sep 11, 2017",61.65,67.23,61.37,66.04,"41,20,76,000","3,49,27,78,154"
"Sep 10, 2017",65.8,65.95,57.06,61.61,"52,98,48,000","3,25,77,55,734"
"Sep 09, 2017",67.21,69.55,64.01,66.01,"46,78,95,008","3,48,93,00,921"
"Sep 08, 2017",78.45,80.13,63.83,67.79,"93,06,73,024","3,58,27,09,924"
"Sep 07, 2017",79.88,81.06,75.59,78.48,"52,68,28,992","4,14,62,94,754"
"Sep 06, 2017",71.78,80.64,71.51,80.11,"83,07,18,016","4,23,11,65,242"
"Sep 05, 2017",65.25,72.44,59.05,71.29,"1,01,60,89,984","3,76,41,98,423"
"Sep 04, 2017",76.73,76.73,61.24,65.21,"92,20,41,024","3,44,17,50,071"
"Sep 03, 2017",78.98,82.83,73.61,76.84,"67,54,62,016","4,05,49,90,308"
"Sep 02, 2017",85.83,92.07,72.23,79.02,"1,36,39,90,016","4,16,89,35,431"
"Sep 01, 2017",70.86,87.41,70.01,86.04,"1,55,17,40,032","4,53,77,51,620"
"Aug 31, 2017",64.16,72.28,64.04,71.06,"63,31,47,008","3,74,63,59,355"
"Aug 30, 2017",63.16,64.21,60.9,64.17,"24,03,08,992","3,38,23,37,004"
"Aug 29, 2017",62.39,63.29,61.26,63.17,"29,47,99,008","3,32,84,02,346"
"Aug 28, 2017",61.36,64.92,59.87,62.36,"55,66,36,992","3,28,45,48,362"
"Aug 27, 2017",51.8,64.44,51.64,61.16,"89,05,45,984","3,22,04,28,680"
"Aug 26, 2017",51.17,52.26,50.45,51.75,"12,60,24,000","2,72,40,82,507"
"Aug 25, 2017",50.17,52.13,49.84,51.18,"15,76,19,008","2,69,31,38,536"
"Aug 24, 2017",52.82,53.28,50.19,50.19,"39,13,42,016","2,64,01,88,253"
"Aug 23, 2017",46.71,54.78,46.48,53.25,"44,71,88,000","2,80,04,77,716"
"Aug 22, 2017",47.9,47.9,45.48,46.73,"16,31,04,000","2,45,68,01,454"
"Aug 21, 2017",46.19,48.75,45.62,47.94,"20,71,72,000","2,51,95,83,624"
"Aug 20, 2017",45.38,47.55,44.75,46.23,"13,88,50,000","2,42,92,90,296"
"Aug 19, 2017",47.05,47.08,43.78,45.48,"15,54,04,000","2,38,91,36,366"
"Aug 18, 2017",43.9,47.86,43.59,47.28,"29,33,50,016","2,48,31,20,186"
"Aug 17, 2017",44.18,44.83,43.78,43.91,"10,40,20,000","2,30,56,86,993"
"Aug 16, 2017",43.37,45.06,42.57,44.15,"12,07,65,000","2,31,65,50,874"
"Aug 15, 2017",45.81,45.84,42.29,43.31,"20,60,80,992","2,27,22,30,662"
"Aug 14, 2017",45.83,46.51,45.43,45.8,"11,44,02,000","2,40,30,48,692"
"Aug 13, 2017",46.57,48.07,44.33,45.81,"24,25,64,992","2,40,28,45,047"
"Aug 12, 2017",47.05,47.62,46.29,46.43,"14,20,64,992","2,43,46,95,721"
"Aug 11, 2017",46.4,47.33,46.4,47.1,"13,76,44,000","2,46,89,15,571"
"Aug 10, 2017",48.05,48.51,46.5,46.5,"12,16,61,000","2,43,68,00,274"
"Aug 09, 2017",48.59,50.23,47.16,48.01,"25,31,03,008","2,51,53,37,793"
"Aug 08, 2017",45.9,49.37,45.79,48.63,"20,55,64,992","2,54,71,14,358"
"Aug 07, 2017",45.17,46.48,45.12,45.8,"10,65,60,000","2,39,78,58,442"
"Aug 06, 2017",46.85,47.3,45.1,45.1,"14,78,91,008","2,36,09,43,929"
"Aug 05, 2017",43.49,46.92,43.48,46.86,"24,83,20,000","2,45,22,25,533"
"Aug 04, 2017",42.89,43.71,42.82,43.45,"11,48,10,000","2,27,31,86,518"
"Aug 03, 2017",42.19,43.17,42.13,42.86,"9,54,97,600","2,24,17,62,848"
"Aug 02, 2017",43.07,43.21,42.07,42.13,"10,35,57,000","2,20,30,09,838"
"Aug 01, 2017",43.02,43.77,41.08,43.04,"20,36,56,000","2,24,96,31,448"
"Jul 31, 2017",40.34,44.03,38.95,43.02,"24,08,20,992","2,24,82,88,103"
"Jul 30, 2017",41.18,41.82,40.06,40.42,"7,57,46,704","2,11,18,06,255"
"Jul 29, 2017",40.56,41.34,38.74,41.12,"10,99,45,000","2,14,73,68,302"
"Jul 28, 2017",42.22,42.47,35.94,40.61,"13,75,56,000","2,12,05,56,595"
"Jul 27, 2017",42.35,42.62,41.39,42.14,"8,17,14,000","2,19,95,30,365"
"Jul 26, 2017",42.29,42.7,40.63,42.23,"12,13,89,000","2,20,35,77,730"
"Jul 25, 2017",44.48,44.79,41.07,42.24,"20,63,07,008","2,20,35,68,415"
"Jul 24, 2017",44.16,44.81,43.29,44.41,"15,85,32,000","2,31,58,40,404"
"Jul 23, 2017",46.63,46.64,42.94,44.06,"21,92,56,992","2,29,69,64,811"
"Jul 22, 2017",45.77,46.8,45.45,46.56,"13,23,33,000","2,42,66,74,809"
"Jul 21, 2017",45.07,47.45,44.52,45.76,"28,60,20,000","2,38,45,04,334"
"Jul 20, 2017",40.96,45.45,40.96,45.02,"35,48,01,984","2,34,48,27,631"
"Jul 19, 2017",44.35,44.42,40.56,40.86,"24,63,76,992","2,12,79,31,181"
"Jul 18, 2017",42.62,45.33,41.47,44.3,"38,08,16,000","2,30,62,11,599"
"Jul 17, 2017",41.19,43.07,40.17,42.67,"35,50,36,000","2,22,05,19,768"
"Jul 16, 2017",38.92,41.97,36.38,40.91,"39,33,66,016","2,12,83,87,551"
"Jul 15, 2017",42.81,42.81,37.78,38.92,"32,73,32,000","2,02,42,99,012"
"Jul 14, 2017",46.36,46.48,40.8,42.8,"32,04,19,008","2,22,54,20,765"
"Jul 13, 2017",48.72,49.05,45.39,46.33,"22,91,04,992","2,40,80,38,312"
"Jul 12, 2017",45.26,49.07,44.07,48.75,"36,99,64,000","2,53,32,60,184"
"Jul 11, 2017",46.27,47.39,43.65,45.33,"40,00,44,992","2,35,48,58,332"
"Jul 10, 2017",49.91,50.53,44.74,46.58,"37,32,52,992","2,41,89,08,416"
"Jul 09, 2017",52.36,53.31,49.53,49.58,"40,92,44,000","2,57,41,85,219"
"Jul 08, 2017",46.64,52.75,44.67,52.14,"60,49,87,008","2,70,62,60,958"
"Jul 07, 2017",51.1,51.14,45.63,46.58,"55,37,12,000","2,41,68,47,285"
"Jul 06, 2017",53.2,53.2,50.12,51.13,"46,11,48,992","2,65,23,93,637"
"Jul 05, 2017",55.27,56.03,50.6,53.19,"79,06,09,024","2,75,86,32,586"
"Jul 04, 2017",46.56,55.42,46.56,55.33,"1,10,17,50,016","2,86,87,12,774"
"Jul 03, 2017",41.48,48.4,40.97,46.43,"72,99,37,984","2,40,61,33,732"
"Jul 02, 2017",38.95,43.27,37.8,41.57,"31,56,30,016","2,15,37,76,659"
"Jul 01, 2017",40.4,40.58,38.47,38.99,"22,55,07,008","2,01,95,89,047"
"Jun 30, 2017",41.04,41.75,40.17,40.35,"25,11,84,000","2,08,97,90,095"
"Jun 29, 2017",42.83,42.83,40.35,41.07,"30,01,31,008","2,12,60,19,668"
"Jun 28, 2017",40.82,43.61,39.18,42.85,"35,34,44,000","2,21,77,15,824"
"Jun 27, 2017",41.13,41.39,36.2,40.54,"56,52,65,024","2,09,76,63,118"
"Jun 26, 2017",44.04,44.35,37.55,41.13,"53,80,72,000","2,12,76,19,780"
"Jun 25, 2017",44.49,46.22,43.05,43.92,"35,43,72,000","2,27,15,27,610"
"Jun 24, 2017",47.25,47.44,44.01,44.49,"32,12,14,016","2,30,02,37,511"
"Jun 23, 2017",47.75,48.42,47.27,47.34,"28,42,70,016","2,44,65,91,286"
"Jun 22, 2017",47.72,48.85,45.87,47.71,"44,53,23,008","2,46,54,80,962"
"Jun 21, 2017",47.3,49.73,44.22,47.79,"64,00,54,016","2,46,86,46,452"
"Jun 20, 2017",50.41,51.47,45.75,47.22,"61,29,34,976","2,43,85,36,182"
"Jun 19, 2017",46.16,53.55,44.99,50.32,"1,34,23,60,064","2,59,80,38,245"
"Jun 18, 2017",47.44,47.44,42.43,46.04,"1,01,62,20,032","2,37,62,72,925"
"Jun 17, 2017",36.18,49.3,36.18,47.65,"1,73,07,80,032","2,45,82,95,326"
"Jun 16, 2017",30.28,35.7,29.55,35.7,"51,59,72,992","1,84,14,37,408"
"Jun 15, 2017",30.22,30.37,27.31,30.22,"31,45,02,016","1,55,83,35,943"
"Jun 14, 2017",30.74,32.06,29.32,30.22,"27,83,23,008","1,55,81,46,224"
"Jun 13, 2017",29.49,30.64,29.33,30.64,"15,04,55,008","1,57,92,63,281"
"Jun 12, 2017",33.23,33.23,27.8,29.5,"37,26,63,008","1,52,00,19,062"
"Jun 11, 2017",30.5,33.56,30.16,33.22,"40,62,17,984","1,71,07,31,870"
"Jun 10, 2017",29.68,30.59,29.66,30.44,"20,26,79,008","1,56,73,81,713"
"Jun 09, 2017",30.19,30.59,29.62,29.68,"17,68,40,992","1,52,79,22,168"
"Jun 08, 2017",28.38,30.34,27.88,30.21,"22,90,04,992","1,55,48,99,463"
"Jun 07, 2017",30.57,30.68,28.37,28.39,"26,45,96,992","1,46,10,52,337"
"Jun 06, 2017",30.84,31.33,29.26,30.55,"32,10,99,008","1,57,16,42,192"
"Jun 05, 2017",28.09,30.99,28.09,30.84,"36,69,00,992","1,58,62,78,857"
"Jun 04, 2017",27.65,27.94,26.95,27.94,"20,44,35,008","1,43,65,12,587"
"Jun 03, 2017",29.04,29.17,26.63,27.66,"29,05,56,000","1,42,18,17,787"
"Jun 02, 2017",28.9,29.89,27.74,28.94,"33,22,51,008","1,48,73,66,316"
"Jun 01, 2017",25.34,29.62,25.3,28.8,"42,04,72,992","1,47,96,45,992"
"May 31, 2017",24.29,25.57,23.18,25.3,"29,86,75,008","1,29,91,59,067"
"May 30, 2017",25.32,26.13,24.03,24.14,"21,69,44,000","1,23,94,64,943"
"May 29, 2017",24.32,25.69,23.28,25.21,"21,97,96,000","1,29,39,96,451"
"May 28, 2017",24.01,26.07,22.11,24.22,"37,70,39,008","1,24,27,56,137"
"May 27, 2017",23.4,25.43,20.1,23.74,"50,54,24,000","1,21,75,27,311"
"May 26, 2017",30.33,31.32,22.56,23.75,"48,42,54,016","1,21,78,69,995"
"May 25, 2017",34.47,36.21,28.87,29.9,"68,76,51,008","1,53,28,98,259"
"May 24, 2017",32.12,35.16,31.71,34.45,"19,62,92,000","1,76,58,54,146"
"May 23, 2017",25.3,32.11,24.93,32.11,"21,68,75,008","1,64,54,17,818"
"May 22, 2017",26.14,27.5,23.27,25.38,"16,48,28,992","1,30,01,36,201"
"May 21, 2017",27.48,28.74,25.73,26.3,"10,48,82,000","1,34,67,03,403"
"May 20, 2017",27.68,28.16,27.2,27.51,"5,90,65,000","1,40,81,35,490"
"May 19, 2017",28.29,28.41,26.78,27.7,"9,69,23,800","1,41,75,18,093"
"May 18, 2017",25.17,29.01,25.12,28.36,"11,58,30,000","1,45,09,14,686"
"May 17, 2017",23.24,25.95,20.8,25.4,"14,11,18,000","1,29,94,38,423"
"May 16, 2017",25.34,25.34,22.81,23.33,"13,68,75,008","1,19,29,13,432"
"May 15, 2017",28.89,28.93,25.19,25.37,"9,71,47,904","1,29,67,26,956"
"May 14, 2017",29.09,30.45,27.79,28.89,"6,78,53,200","1,47,66,20,318"
"May 13, 2017",27.22,28.91,25.52,28.91,"8,35,64,400","1,47,71,22,967"
"May 12, 2017",30.93,31.68,27.37,27.45,"11,05,69,000","1,40,22,03,624"
"May 11, 2017",32.66,32.91,28.03,30.72,"20,61,36,992","1,56,83,31,565"
"May 10, 2017",33.3,37.33,31.22,31.96,"41,04,65,984","1,63,13,57,006"
"May 09, 2017",28.96,33.76,24.49,33.58,"25,15,16,992","1,71,36,09,764"
"May 08, 2017",30.37,30.74,27.33,28.96,"13,26,50,000","1,47,71,90,573"
"May 07, 2017",28.2,31.37,28.2,30.29,"18,77,18,000","1,54,47,13,042"
"May 06, 2017",26.47,28.59,25.49,28.16,"10,80,83,000","1,43,55,75,548"
"May 05, 2017",23.47,27.85,23.42,26.27,"21,89,48,992","1,33,86,80,275"
"May 04, 2017",21.04,25.69,20.86,23.39,"24,29,12,000","1,19,18,60,814"
"May 03, 2017",15.88,21.8,15.67,21.04,"25,34,40,992","1,07,17,43,437"
"May 02, 2017",15.92,16.23,15.15,15.9,"3,86,92,100","80,92,54,702"
"May 01, 2017",15.71,16.37,14.88,15.92,"6,69,89,400","81,01,18,725"
"Apr 30, 2017",15.7,16.07,15.47,15.71,"4,39,29,100","79,90,87,301"
"Apr 29, 2017",14.4,15.77,14.36,15.74,"4,57,13,600","80,07,26,755"
"Apr 28, 2017",14.59,14.78,14.06,14.34,"4,10,67,800","72,93,06,971"
"Apr 27, 2017",14.84,15,13.47,14.62,"7,62,08,000","74,34,01,962"
"Apr 26, 2017",15.21,15.79,14.56,14.85,"7,13,08,800","75,47,01,192"
"Apr 25, 2017",14.98,15.43,14.24,15.21,"5,66,68,300","77,30,02,033"
"Apr 24, 2017",13.96,14.97,13.33,14.97,"6,01,77,200","76,02,01,117"
"Apr 23, 2017",13.07,14.41,12.95,13.94,"19,84,52,000","70,78,33,525"
"Apr 22, 2017",11.18,13.07,11.11,13.06,"15,89,14,000","66,32,35,620"
"Apr 21, 2017",10.29,11.54,10.16,11.23,"9,90,12,200","56,98,32,266"
"Apr 20, 2017",9.63,10.66,9.59,10.33,"5,58,28,300","52,43,67,323"
"Apr 19, 2017",10.31,10.35,9.59,9.66,"5,57,84,900","48,98,64,408"
"Apr 18, 2017",10.42,10.94,9.97,10.32,"8,31,83,296","52,32,42,304"
"Apr 17, 2017",10.6,11.18,10.39,10.42,"10,40,55,000","52,81,96,466"
"Apr 16, 2017",10.75,10.9,10.67,10.71,"2,43,21,400","54,28,62,719"
"Apr 15, 2017",10.34,11,10.2,10.79,"4,79,22,000","54,67,50,078"
"Apr 14, 2017",10.13,10.51,9.68,10.39,"6,11,37,000","52,61,03,441"
"Apr 13, 2017",10.76,10.77,9.93,10.15,"6,41,87,400","51,37,79,944"
"Apr 12, 2017",8.83,11.06,8.83,10.79,"15,92,55,008","54,58,24,242"
"Apr 11, 2017",8.91,9.28,8.66,8.85,"5,07,00,000","44,79,34,139"
"Apr 10, 2017",8.72,9.2,8.19,8.92,"7,44,25,696","45,10,08,790"
"Apr 09, 2017",9.89,10.01,8.43,8.71,"9,09,63,296","44,04,13,412"
"Apr 08, 2017",9.34,10.35,9.33,9.92,"5,84,89,100","50,12,72,917"
"Apr 07, 2017",10.22,10.56,9.19,9.37,"9,47,65,600","47,36,22,780"
"Apr 06, 2017",11.12,11.45,9.66,10.25,"19,43,00,000","51,79,58,248"
"Apr 05, 2017",8.25,11.42,7.96,11.09,"21,78,34,000","56,03,38,330"
"Apr 04, 2017",8.12,8.96,7.53,8.29,"12,92,08,000","41,85,56,788"
"Apr 03, 2017",7.74,8.64,7.24,8.07,"11,41,79,000","40,73,77,516"
"Apr 02, 2017",6.86,7.94,6.65,7.74,"8,85,60,400","39,07,95,465"
"Apr 01, 2017",6.65,6.98,6.31,6.88,"5,77,11,700","34,72,47,822"
"Mar 31, 2017",7.02,7.07,5.85,6.67,"9,89,22,600","33,62,27,385"
"Mar 30, 2017",4.18,7.04,4.15,6.98,"19,12,51,008","35,19,39,333"
"Mar 29, 2017",4.14,4.2,4.09,4.19,"84,79,960","21,09,79,437"
"Mar 28, 2017",4.07,4.18,4.06,4.16,"42,97,870","20,93,98,408"
"Mar 27, 2017",4.07,4.14,4.04,4.08,"51,62,690","20,52,94,094"
"Mar 26, 2017",4.07,4.1,4.03,4.06,"39,11,060","20,45,08,541"
"Mar 25, 2017",4.07,4.12,3.97,4.07,"79,04,680","20,49,47,911"
"Mar 24, 2017",3.97,4.13,3.94,4.08,"1,25,24,300","20,55,61,869"
"Mar 23, 2017",3.93,4,3.92,3.98,"33,54,160","20,02,73,945"
"Mar 22, 2017",3.99,4.01,3.89,3.94,"59,49,960","19,80,21,517"
"Mar 21, 2017",4.04,4.04,3.98,4.01,"49,70,080","20,16,21,298"
"Mar 20, 2017",3.95,4.05,3.89,4.03,"40,68,240","20,27,69,043"
"Mar 19, 2017",3.96,4.03,3.9,3.96,"60,13,050","19,88,53,053"
"Mar 18, 2017",4.04,4.16,3.86,3.97,"1,21,99,700","19,93,60,039"
"Mar 17, 2017",4.23,4.23,4.04,4.06,"1,11,09,600","20,36,99,159"
"Mar 16, 2017",4.15,4.38,4.1,4.24,"1,27,55,200","21,27,79,672"
"Mar 15, 2017",4.05,4.18,4,4.16,"65,71,900","20,88,84,338"
"Mar 14, 2017",4.17,4.17,4.01,4.06,"79,28,910","20,35,17,141"
"Mar 13, 2017",3.85,4.25,3.83,4.17,"2,24,39,100","20,92,47,492"
"Mar 12, 2017",3.79,3.86,3.78,3.84,"33,73,750","19,27,34,982"
"Mar 11, 2017",3.76,3.84,3.75,3.8,"34,63,740","19,04,46,085"
"Mar 10, 2017",3.83,3.88,3.73,3.75,"70,90,150","18,80,96,028"
"Mar 09, 2017",3.77,3.84,3.76,3.84,"30,92,100","19,23,65,805"
"Mar 08, 2017",3.81,3.82,3.75,3.78,"45,94,400","18,91,85,841"
"Mar 07, 2017",3.89,3.91,3.8,3.82,"56,19,560","19,14,07,739"
"Mar 06, 2017",3.87,3.93,3.86,3.92,"43,93,810","19,63,60,997"
"Mar 05, 2017",3.86,3.9,3.84,3.9,"28,36,910","19,53,13,683"
"Mar 04, 2017",3.91,3.92,3.86,3.88,"33,61,400","19,43,82,285"
"Mar 03, 2017",3.92,4,3.9,3.92,"75,15,680","19,61,75,905"
"Mar 02, 2017",3.8,4.11,3.78,3.92,"94,39,480","19,62,90,700"
"Mar 01, 2017",3.77,3.81,3.76,3.8,"44,05,000","18,99,65,827"
"Feb 28, 2017",3.8,3.82,3.76,3.77,"40,45,440","18,85,19,643"
"Feb 27, 2017",3.81,3.83,3.8,3.8,"37,66,590","19,00,50,516"
"Feb 26, 2017",3.82,3.85,3.8,3.83,"26,88,250","19,11,85,638"
"Feb 25, 2017",3.85,3.86,3.81,3.83,"35,81,200","19,10,95,953"
"Feb 24, 2017",3.83,3.88,3.82,3.85,"69,21,090","19,20,69,643"
"Feb 23, 2017",3.8,3.85,3.8,3.84,"40,96,480","19,18,26,642"
"Feb 22, 2017",3.79,3.84,3.78,3.81,"45,47,610","18,98,89,068"
"Feb 21, 2017",3.76,3.8,3.76,3.78,"41,10,740","18,87,46,827"
"Feb 20, 2017",3.77,3.78,3.75,3.77,"31,28,060","18,79,19,323"
"Feb 19, 2017",3.79,3.79,3.74,3.76,"27,01,490","18,75,93,272"
"Feb 18, 2017",3.83,3.83,3.78,3.79,"32,09,270","18,89,71,684"
"Feb 17, 2017",3.78,3.84,3.77,3.83,"40,01,350","19,08,72,607"
"Feb 16, 2017",3.8,3.82,3.78,3.79,"39,91,580","18,86,46,305"
"Feb 15, 2017",3.77,3.82,3.76,3.81,"26,83,590","18,97,10,832"
"Feb 14, 2017",3.72,3.77,3.71,3.77,"39,94,400","18,77,37,973"
"Feb 13, 2017",3.77,3.77,3.7,3.72,"47,21,650","18,50,50,282"
"Feb 12, 2017",3.8,3.8,3.75,3.76,"27,06,320","18,73,13,756"
"Feb 11, 2017",3.78,3.8,3.77,3.79,"33,40,840","18,86,91,480"
"Feb 10, 2017",3.8,3.81,3.7,3.78,"79,18,280","18,78,48,135"
"Feb 09, 2017",4.03,4.08,3.71,3.8,"2,12,97,300","18,88,56,895"
"Feb 08, 2017",4.05,4.08,3.97,4.02,"70,16,980","19,99,65,754"
"Feb 07, 2017",4.05,4.08,4.04,4.04,"65,70,650","20,07,60,049"
"Feb 06, 2017",4.06,4.08,4.04,4.04,"49,72,300","20,08,81,367"
"Feb 05, 2017",4.07,4.07,4.02,4.04,"46,35,400","20,07,77,192"
"Feb 04, 2017",4.08,4.1,4.02,4.06,"69,26,300","20,14,70,796"
"Feb 03, 2017",4.08,4.11,4.04,4.08,"85,48,470","20,26,30,541"
"Feb 02, 2017",4.08,4.09,4.02,4.09,"51,75,450","20,27,11,223"
"Feb 01, 2017",4.08,4.13,4.03,4.08,"77,53,930","20,21,56,361"
"Jan 31, 2017",4.02,4.1,4.02,4.08,"1,57,99,800","20,22,57,334"
"Jan 30, 2017",3.86,4.02,3.86,4.02,"1,01,92,700","19,93,51,481"
"Jan 29, 2017",3.85,3.86,3.84,3.85,"28,04,420","19,09,10,291"
"Jan 28, 2017",3.85,3.87,3.84,3.85,"33,05,270","19,08,98,187"
"Jan 27, 2017",3.84,3.86,3.81,3.86,"50,49,680","19,09,88,507"
"Jan 26, 2017",3.71,3.84,3.71,3.83,"58,17,220","18,98,62,991"
"Jan 25, 2017",3.79,3.8,3.69,3.71,"68,63,540","18,38,77,336"
"Jan 24, 2017",3.84,3.84,3.78,3.79,"26,29,220","18,73,65,782"
"Jan 23, 2017",3.86,3.86,3.82,3.84,"27,25,110","18,97,65,618"
"Jan 22, 2017",3.9,3.92,3.82,3.84,"26,30,830","19,00,64,917"
"Jan 21, 2017",3.89,3.92,3.89,3.9,"27,17,700","19,30,53,346"
"Jan 20, 2017",3.86,3.91,3.84,3.89,"34,27,180","19,22,81,661"
"Jan 19, 2017",3.84,3.93,3.81,3.86,"40,90,650","19,07,64,055"
"Jan 18, 2017",3.94,3.95,3.78,3.84,"43,21,020","18,95,98,850"
"Jan 17, 2017",3.91,3.95,3.85,3.94,"48,16,480","19,45,19,766"
"Jan 16, 2017",3.92,3.96,3.87,3.9,"81,59,260","19,26,58,075"
"Jan 15, 2017",3.89,3.95,3.88,3.93,"93,41,360","19,37,47,582"
"Jan 14, 2017",3.89,3.95,3.87,3.9,"39,99,180","19,24,38,807"
"Jan 13, 2017",3.95,3.96,3.8,3.89,"77,20,620","19,19,02,491"
"Jan 12, 2017",3.84,4.02,3.78,3.96,"1,36,90,900","19,53,89,834"
"Jan 11, 2017",4.6,4.64,3.8,3.85,"2,18,63,300","18,96,04,833"
"Jan 10, 2017",4.3,4.68,4.29,4.59,"1,51,57,900","22,62,38,984"
"Jan 09, 2017",4,4.36,3.93,4.3,"1,11,65,200","21,19,07,900"
"Jan 08, 2017",3.96,4.02,3.9,3.99,"1,17,28,600","19,67,10,013"
"Jan 07, 2017",3.86,3.96,3.61,3.96,"1,46,28,400","19,47,46,308"
"Jan 06, 2017",4.3,4.35,3.84,3.86,"1,10,63,700","19,00,38,395"
"Jan 05, 2017",4.91,4.95,4.23,4.29,"1,91,96,000","21,12,12,252"
"Jan 04, 2017",4.63,4.84,4.63,4.84,"1,37,62,400","23,79,66,484"
"Jan 03, 2017",4.66,4.73,4.56,4.63,"1,00,55,700","22,74,83,921"
"Jan 02, 2017",4.52,4.74,4.48,4.65,"1,45,95,300","22,85,36,448"
"Jan 01, 2017",4.33,4.52,4.33,4.51,"1,13,37,500","22,17,18,275"
"Dec 31, 2016",4.39,4.4,4.29,4.33,"92,10,720","21,25,03,138"
"Dec 30, 2016",4.56,4.56,4.29,4.39,"1,19,12,800","21,56,44,689"
"Dec 29, 2016",4.58,4.63,4.51,4.56,"93,52,850","22,36,76,935"
"Dec 28, 2016",4.49,4.67,4.49,4.57,"1,03,19,300","22,43,86,448"
"Dec 27, 2016",4.37,4.58,4.33,4.47,"92,94,450","21,93,07,108"
"Dec 26, 2016",4.35,4.47,4.28,4.36,"76,03,100","21,36,43,935"
"Dec 25, 2016",4.56,4.57,4.22,4.35,"1,13,63,100","21,31,68,342"
"Dec 24, 2016",4.65,4.77,4.42,4.55,"1,97,73,600","22,31,25,158"
"Dec 23, 2016",3.72,4.66,3.71,4.66,"1,55,39,100","22,81,49,363"
"Dec 22, 2016",3.67,3.75,3.66,3.71,"36,57,740","18,18,50,994"
"Dec 21, 2016",3.66,3.69,3.65,3.65,"29,13,250","17,89,46,727"
"Dec 20, 2016",3.66,3.66,3.64,3.66,"23,35,510","17,92,71,873"
"Dec 19, 2016",3.68,3.68,3.65,3.66,"22,74,070","17,92,94,513"
"Dec 18, 2016",3.7,3.71,3.66,3.68,"19,51,490","17,99,40,572"
"Dec 17, 2016",3.63,3.71,3.61,3.7,"25,59,210","18,08,91,699"
"Dec 16, 2016",3.63,3.65,3.61,3.63,"16,25,780","17,74,52,394"
"Dec 15, 2016",3.61,3.65,3.6,3.62,"26,79,340","17,72,17,751"
"Dec 14, 2016",3.66,3.66,3.59,3.62,"26,18,560","17,69,28,995"
"Dec 13, 2016",3.67,3.7,3.65,3.65,"19,62,750","17,83,77,518"
"Dec 12, 2016",3.64,3.67,3.62,3.66,"24,65,660","17,89,12,649"
"Dec 11, 2016",3.69,3.69,3.63,3.64,"19,48,170","17,76,72,525"
"Dec 10, 2016",3.69,3.7,3.64,3.68,"20,93,810","17,96,87,726"
"Dec 09, 2016",3.69,3.71,3.68,3.69,"17,58,140","18,01,83,369"
"Dec 08, 2016",3.6,3.73,3.6,3.69,"26,83,090","18,01,09,547"
"Dec 07, 2016",3.54,3.63,3.51,3.62,"25,37,240","17,63,88,678"
"Dec 06, 2016",3.49,3.56,3.49,3.54,"30,07,340","17,24,06,582"
"Dec 05, 2016",3.88,3.92,3.33,3.53,"1,11,06,200","17,20,20,407"
"Dec 04, 2016",3.93,3.95,3.9,3.9,"19,08,090","19,00,52,287"
"Dec 03, 2016",3.95,3.95,3.91,3.92,"18,05,780","19,11,86,224"
"Dec 02, 2016",3.92,3.96,3.92,3.95,"25,59,070","19,22,21,835"
"Dec 01, 2016",3.91,3.92,3.89,3.91,"19,85,600","19,03,46,608"
"Nov 30, 2016",3.89,3.92,3.88,3.89,"18,57,280","18,95,43,678"
"Nov 29, 2016",3.89,3.9,3.87,3.87,"24,36,960","18,85,50,246"
"Nov 28, 2016",3.9,3.91,3.88,3.88,"17,26,410","18,89,76,866"
"Nov 27, 2016",3.91,3.92,3.88,3.88,"16,31,940","18,88,40,590"
"Nov 26, 2016",3.92,3.93,3.88,3.89,"17,82,340","18,93,49,048"
"Nov 25, 2016",3.91,3.92,3.89,3.92,"22,11,790","19,03,05,090"
"Nov 24, 2016",3.93,3.95,3.89,3.91,"20,89,790","18,98,69,691"
"Nov 23, 2016",3.97,3.97,3.92,3.93,"21,84,200","19,06,61,739"
"Nov 22, 2016",3.95,3.97,3.91,3.95,"23,47,880","19,16,71,917"
"Nov 21, 2016",3.93,3.96,3.92,3.94,"19,99,840","19,14,93,664"
"Nov 20, 2016",3.97,3.97,3.9,3.92,"26,80,300","19,03,22,156"
"Nov 19, 2016",3.98,3.98,3.94,3.95,"20,48,720","19,18,11,705"
"Nov 18, 2016",3.96,4,3.94,3.96,"26,50,960","19,21,17,402"
"Nov 17, 2016",4.06,4.07,3.94,3.94,"31,20,160","19,11,81,641"
"Nov 16, 2016",3.9,4.03,3.9,4.02,"42,32,760","19,48,23,409"
"Nov 15, 2016",3.89,3.96,3.86,3.89,"30,32,290","18,86,64,991"
"Nov 14, 2016",3.88,3.89,3.86,3.88,"25,25,810","18,77,63,726"
"Nov 13, 2016",3.77,3.91,3.69,3.88,"33,44,370","18,77,93,621"
"Nov 12, 2016",3.81,3.83,3.75,3.76,"25,92,430","18,22,14,528"
"Nov 11, 2016",3.84,3.84,3.8,3.82,"21,24,360","18,46,83,452"
"Nov 10, 2016",3.86,3.87,3.81,3.82,"23,34,820","18,50,20,476"
"Nov 09, 2016",3.85,3.94,3.81,3.86,"28,94,790","18,69,10,333"
"Nov 08, 2016",3.84,3.86,3.82,3.84,"24,93,340","18,57,97,751"
"Nov 07, 2016",3.89,3.89,3.79,3.84,"28,06,430","18,55,58,516"
"Nov 06, 2016",3.86,3.92,3.84,3.89,"21,92,880","18,79,41,022"
"Nov 05, 2016",3.88,3.93,3.85,3.87,"23,18,820","18,67,96,717"
"Nov 04, 2016",3.86,3.89,3.82,3.88,"34,81,430","18,73,31,688"
"Nov 03, 2016",4.11,4.18,3.81,3.86,"58,83,490","18,64,28,794"
"Nov 02, 2016",4.09,4.13,4.05,4.1,"36,46,100","19,81,09,559"
"Nov 01, 2016",4,4.15,3.99,4.09,"47,14,890","19,72,64,086"
"Oct 31, 2016",4.04,4.05,3.98,3.99,"38,93,350","19,26,50,974"
"Oct 30, 2016",4.1,4.1,4.02,4.03,"43,64,420","19,45,15,844"
"Oct 29, 2016",3.98,4.1,3.97,4.09,"57,32,580","19,71,72,900"
"Oct 28, 2016",4.04,4.04,3.95,3.97,"42,60,230","19,14,72,767"
"Oct 27, 2016",3.96,4.06,3.96,4.02,"62,16,070","19,37,38,394"
"Oct 26, 2016",3.91,3.97,3.9,3.96,"54,18,040","19,07,29,860"
"Oct 25, 2016",3.87,3.92,3.87,3.9,"31,54,970","18,79,77,543"
"Oct 24, 2016",3.92,3.92,3.87,3.87,"29,99,400","18,62,05,733"
"Oct 23, 2016",3.89,3.94,3.89,3.92,"39,27,550","18,85,03,414"
"Oct 22, 2016",3.81,3.91,3.8,3.89,"38,58,130","18,68,97,442"
"Oct 21, 2016",3.79,3.83,3.76,3.81,"28,81,980","18,29,98,023"
"Oct 20, 2016",3.81,3.82,3.77,3.78,"24,17,550","18,16,74,024"
"Oct 19, 2016",3.85,3.86,3.78,3.8,"22,43,800","18,28,29,267"
"Oct 18, 2016",3.95,4.23,3.83,3.84,"17,90,400","18,44,72,061"
"Oct 17, 2016",3.89,3.92,3.86,3.91,"17,16,740","18,78,20,567"
"Oct 16, 2016",3.88,3.91,3.88,3.89,"21,60,150","18,65,60,093"
"Oct 15, 2016",3.9,3.91,3.87,3.87,"16,64,980","18,58,81,497"
"Oct 14, 2016",3.91,3.92,3.89,3.9,"21,42,390","18,70,40,774"
"Oct 13, 2016",3.75,3.92,3.75,3.91,"37,98,640","18,74,19,177"
"Oct 12, 2016",3.82,3.83,3.76,3.76,"31,54,520","18,02,63,887"
"Oct 11, 2016",3.8,3.84,3.79,3.82,"20,25,380","18,29,80,637"
"Oct 10, 2016",3.82,3.83,3.78,3.8,"14,20,790","18,19,14,089"
"Oct 09, 2016",3.84,3.85,3.81,3.82,"12,39,070","18,28,12,939"
"Oct 08, 2016",3.86,3.87,3.84,3.84,"15,44,210","18,38,56,524"
"Oct 07, 2016",3.84,3.86,3.83,3.86,"15,96,220","18,49,67,981"
"Oct 06, 2016",3.85,3.86,3.83,3.85,"14,15,940","18,41,58,504"
"Oct 05, 2016",3.83,3.85,3.83,3.84,"13,94,850","18,39,40,961"
"Oct 04, 2016",3.84,3.84,3.82,3.82,"11,16,870","18,29,29,230"
"Oct 03, 2016",3.85,3.85,3.83,3.84,"12,07,110","18,35,87,392"
"Oct 02, 2016",3.85,3.88,3.82,3.84,"13,73,630","18,37,37,744"
"Oct 01, 2016",3.85,3.86,3.84,3.85,"14,26,340","18,40,11,016"
"Sep 30, 2016",3.84,3.85,3.82,3.84,"21,04,930","18,35,88,352"
"Sep 29, 2016",3.84,3.86,3.83,3.85,"16,74,200","18,37,07,883"
"Sep 28, 2016",3.85,3.87,3.83,3.84,"19,05,040","18,32,88,012"
"Sep 27, 2016",3.86,3.87,3.84,3.85,"17,34,250","18,39,33,209"
"Sep 26, 2016",3.8,3.87,3.8,3.86,"21,48,250","18,41,90,314"
"Sep 25, 2016",3.8,3.81,3.78,3.81,"15,40,650","18,17,34,767"
"Sep 24, 2016",3.81,3.84,3.8,3.81,"21,18,420","18,15,26,027"
"Sep 23, 2016",3.77,3.82,3.76,3.81,"15,72,350","18,18,43,127"
"Sep 22, 2016",3.86,3.86,3.77,3.77,"14,45,220","17,96,21,930"
"Sep 21, 2016",3.87,3.87,3.76,3.84,"38,53,090","18,30,35,891"
"Sep 20, 2016",3.83,3.86,3.82,3.84,"22,63,260","18,30,63,990"
"Sep 19, 2016",4.04,4.2,3.82,3.83,"16,06,420","18,24,89,373"
"Sep 18, 2016",3.81,4.09,3.81,4.04,"17,27,830","19,25,36,111"
"Sep 17, 2016",3.8,3.82,3.8,3.81,"15,68,340","18,11,49,424"
"Sep 16, 2016",3.82,3.83,3.8,3.81,"16,63,730","18,11,29,367"
"Sep 15, 2016",3.83,3.84,3.8,3.81,"17,93,220","18,13,47,917"
"Sep 14, 2016",3.82,3.85,3.82,3.83,"13,22,330","18,22,56,300"
"Sep 13, 2016",3.83,3.85,3.81,3.82,"22,19,650","18,17,02,836"
"Sep 12, 2016",3.87,3.87,3.79,3.82,"24,54,330","18,17,21,781"
"Sep 11, 2016",3.97,3.99,3.85,3.86,"21,00,480","18,32,00,109"
"Sep 10, 2016",3.97,3.98,3.96,3.97,"6,61,652","18,85,36,390"
"Sep 09, 2016",3.98,3.99,3.96,3.97,"14,50,080","18,85,23,825"
"Sep 08, 2016",3.97,4.01,3.96,3.99,"24,25,520","18,93,37,884"
"Sep 07, 2016",3.99,4.13,3.95,3.97,"19,88,370","18,84,01,192"
"Sep 06, 2016",3.98,3.99,3.95,3.97,"16,99,160","18,84,65,757"
"Sep 05, 2016",4.02,4.03,3.97,3.98,"42,45,990","18,87,34,889"
"Sep 04, 2016",3.89,4.04,3.88,4.01,"48,34,060","19,03,49,808"
"Sep 03, 2016",3.83,3.91,3.81,3.89,"24,84,220","18,43,33,475"
"Sep 02, 2016",3.84,3.84,3.81,3.82,"19,84,050","18,12,33,098"
"Sep 01, 2016",3.8,3.85,3.79,3.83,"22,41,890","18,15,32,485"
"Aug 31, 2016",3.81,3.81,3.78,3.8,"16,78,550","17,98,38,040"
"Aug 30, 2016",3.77,3.82,3.75,3.8,"23,15,030","18,00,94,202"
"Aug 29, 2016",3.74,3.79,3.74,3.76,"26,10,000","17,79,35,748"
"Aug 28, 2016",3.74,3.76,3.73,3.74,"23,80,150","17,69,44,556"
"Aug 27, 2016",3.82,3.83,3.73,3.74,"65,05,780","17,67,47,462"
"Aug 26, 2016",3.8,3.85,3.79,3.83,"23,92,690","18,09,31,925"
"Aug 25, 2016",3.86,3.87,3.78,3.8,"32,06,370","17,97,29,188"
"Aug 24, 2016",3.93,3.95,3.84,3.86,"44,25,210","18,21,80,234"
"Aug 23, 2016",3.66,4.01,3.66,3.93,"1,21,54,100","18,57,00,968"
"Aug 22, 2016",3.62,3.66,3.6,3.66,"26,85,030","17,27,27,377"
"Aug 21, 2016",3.62,3.63,3.6,3.62,"13,21,380","17,06,78,858"
"Aug 20, 2016",3.61,3.63,3.6,3.62,"16,42,330","17,06,46,855"
"Aug 19, 2016",3.61,3.62,3.6,3.6,"14,33,570","17,00,51,073"
"Aug 18, 2016",3.6,3.64,3.6,3.61,"16,45,410","17,01,36,593"
"Aug 17, 2016",3.65,3.65,3.59,3.6,"18,30,120","16,97,25,129"
"Aug 16, 2016",3.59,3.65,3.58,3.64,"23,02,180","17,14,83,591"
"Aug 15, 2016",3.65,3.68,3.57,3.58,"33,14,040","16,85,76,528"
"Aug 14, 2016",3.72,3.72,3.61,3.65,"26,55,030","17,19,73,546"
"Aug 13, 2016",3.71,3.75,3.68,3.71,"24,73,190","17,49,46,591"
"Aug 12, 2016",3.74,3.75,3.69,3.71,"20,25,430","17,46,51,700"
"Aug 11, 2016",3.72,3.75,3.64,3.74,"23,74,230","17,61,41,058"
"Aug 10, 2016",3.76,3.81,3.72,3.72,"16,56,370","17,51,56,255"
"Aug 09, 2016",3.78,3.78,3.74,3.76,"18,78,160","17,68,60,442"
"Aug 08, 2016",3.77,3.8,3.75,3.79,"13,79,300","17,80,15,043"
"Aug 07, 2016",3.76,3.81,3.75,3.78,"13,35,400","17,77,17,112"
"Aug 06, 2016",3.72,3.77,3.7,3.76,"13,71,060","17,67,19,452"
"Aug 05, 2016",3.74,3.74,3.7,3.73,"11,62,030","17,52,02,901"
"Aug 04, 2016",3.71,3.75,3.71,3.75,"15,93,350","17,60,57,497"
"Aug 03, 2016",3.64,3.74,3.59,3.72,"28,75,880","17,46,29,766"
"Aug 02, 2016",3.87,3.89,3.52,3.64,"50,39,290","17,08,35,349"
"Aug 01, 2016",4.06,4.06,3.86,3.86,"19,91,690","18,12,84,625"
"Jul 31, 2016",4.08,4.08,3.97,4.01,"19,21,460","18,82,82,594"
"Jul 30, 2016",4.08,4.09,4.06,4.06,"13,88,580","19,04,68,950"
"Jul 29, 2016",3.97,4.1,3.96,4.08,"17,44,370","19,11,44,492"
"Jul 28, 2016",3.97,3.99,3.96,3.97,"17,28,410","18,59,39,721"
"Jul 27, 2016",3.96,3.99,3.93,3.96,"18,47,300","18,53,28,222"
"Jul 26, 2016",4.04,4.05,3.93,3.97,"25,45,920","18,59,41,344"
"Jul 25, 2016",4.07,4.08,4.03,4.03,"15,35,980","18,87,79,324"
"Jul 24, 2016",4.06,4.08,4.04,4.07,"18,39,420","19,05,29,253"
"Jul 23, 2016",4.04,4.06,4.03,4.06,"15,68,890","18,98,29,177"
"Jul 22, 2016",4.13,4.14,4.03,4.04,"26,77,970","18,89,00,219"
"Jul 21, 2016",4.13,4.14,4.11,4.12,"14,22,410","19,26,76,805"
"Jul 20, 2016",4.15,4.16,4.11,4.13,"19,08,710","19,28,47,707"
"Jul 19, 2016",4.15,4.17,4.14,4.15,"15,63,330","19,39,18,894"
"Jul 18, 2016",4.2,4.2,4.14,4.15,"15,77,810","19,38,16,056"
"Jul 17, 2016",4.14,4.21,4.13,4.19,"21,55,230","19,57,01,086"
"Jul 16, 2016",4.15,4.16,4.11,4.13,"13,78,140","19,29,63,678"
"Jul 15, 2016",4.15,4.18,4.15,4.16,"16,68,020","19,41,64,042"
"Jul 14, 2016",4.14,4.18,4.12,4.15,"16,63,660","19,35,79,192"
"Jul 13, 2016",4.16,4.18,4.13,4.14,"22,15,370","19,30,52,822"
"Jul 12, 2016",4.09,4.21,4.09,4.15,"27,34,250","19,36,73,590"
"Jul 11, 2016",4.12,4.19,4.06,4.09,"32,82,920","19,04,39,126"
"Jul 10, 2016",4.12,4.15,4.06,4.1,"30,39,620","19,10,42,871"
"Jul 09, 2016",4.24,4.24,3.97,4.16,"62,56,370","19,39,29,348"
"Jul 08, 2016",4.12,4.23,4.08,4.22,"50,33,530","19,65,22,598"
"Jul 07, 2016",4.5,4.53,3.95,4.11,"62,77,860","19,14,49,459"
"Jul 06, 2016",4.46,4.51,4.42,4.47,"32,38,960","20,79,87,170"
"Jul 05, 2016",4.56,4.56,4.36,4.45,"47,07,390","20,71,83,863"
"Jul 04, 2016",4.27,4.54,4.21,4.54,"50,62,640","21,12,23,465"
"Jul 03, 2016",4.66,4.66,4.19,4.25,"76,59,710","19,77,92,783"
"Jul 02, 2016",4.28,4.61,4.24,4.59,"1,66,46,200","21,33,77,827"
"Jul 01, 2016",4.19,4.33,4.18,4.26,"69,87,180","19,77,87,393"
"Jun 30, 2016",4.08,4.21,4.04,4.19,"28,64,910","19,48,23,947"
"Jun 29, 2016",4.1,4.1,4.03,4.06,"22,11,450","18,86,51,394"
"Jun 28, 2016",4.14,4.18,4.07,4.1,"28,67,420","19,03,91,816"
"Jun 27, 2016",4.05,4.16,4.03,4.12,"27,49,620","19,12,20,280"
"Jun 26, 2016",4.24,4.24,3.97,4.07,"44,80,920","18,90,41,381"
"Jun 25, 2016",4.27,4.44,3.92,4.23,"60,57,000","19,63,52,028"
"Jun 24, 2016",3.85,4.33,3.85,4.28,"93,64,750","19,84,30,109"
"Jun 23, 2016",3.92,3.95,3.47,3.85,"1,11,38,900","17,85,01,562"
"Jun 22, 2016",4.83,4.92,3.88,3.91,"1,15,22,400","18,12,41,689"
"Jun 21, 2016",5.27,5.29,4.7,4.82,"1,19,84,800","22,33,95,058"
"Jun 20, 2016",5.63,5.63,5.27,5.29,"41,54,880","24,52,21,788"
"Jun 19, 2016",5.56,5.63,5.51,5.59,"37,60,240","25,90,03,907"
"Jun 18, 2016",5.6,5.69,5.49,5.56,"78,78,070","25,73,49,381"
"Jun 17, 2016",5.67,5.95,5.28,5.59,"1,23,83,200","25,88,01,588"
"Jun 16, 2016",5.25,5.66,5.25,5.66,"99,30,590","26,18,43,669"
"Jun 15, 2016",5.22,5.24,5.11,5.24,"39,17,000","24,22,93,066"
"Jun 14, 2016",5.31,5.31,5.1,5.2,"84,88,220","24,05,63,636"
"Jun 13, 2016",5.41,5.54,5.16,5.29,"86,68,280","24,44,77,993"
"Jun 12, 2016",5.07,5.46,5.05,5.33,"1,37,53,200","24,64,01,135"
"Jun 11, 2016",4.88,5.01,4.84,5.01,"1,02,94,700","23,15,60,017"
"Jun 10, 2016",4.75,4.85,4.71,4.84,"69,75,970","22,34,52,157"
"Jun 09, 2016",4.78,4.78,4.67,4.69,"64,38,540","21,66,06,383"
"Jun 08, 2016",4.77,4.79,4.69,4.75,"35,07,640","21,90,76,889"
"Jun 07, 2016",4.95,4.98,4.72,4.77,"38,81,380","22,00,48,178"
"Jun 06, 2016",4.81,4.97,4.81,4.96,"29,93,510","22,86,62,162"
"Jun 05, 2016",4.8,4.84,4.79,4.81,"22,57,820","22,18,40,383"
"Jun 04, 2016",4.86,4.9,4.77,4.81,"32,14,800","22,15,48,599"
"Jun 03, 2016",4.72,4.87,4.71,4.86,"40,61,990","22,39,13,540"
"Jun 02, 2016",4.74,4.76,4.68,4.72,"21,21,360","21,71,23,932"
"Jun 01, 2016",4.65,4.77,4.62,4.74,"45,77,160","21,82,59,777"
"May 31, 2016",4.69,4.75,4.6,4.65,"51,87,600","21,40,37,925"
"May 30, 2016",4.63,4.7,4.59,4.67,"38,05,050","21,49,27,636"
"May 29, 2016",4.69,4.86,4.58,4.61,"73,51,420","21,20,56,239"
"May 28, 2016",4.51,4.83,4.51,4.7,"1,15,64,700","21,61,79,930"
"May 27, 2016",4.09,4.68,4.09,4.5,"1,08,21,100","20,69,43,475"
"May 26, 2016",4.05,4.1,4.03,4.08,"25,30,850","18,76,28,591"
"May 25, 2016",3.95,4.05,3.95,4.05,"27,65,530","18,58,80,078"
"May 24, 2016",3.96,3.98,3.94,3.95,"17,42,000","18,14,91,032"
"May 23, 2016",3.92,3.97,3.9,3.97,"18,68,020","18,22,01,135"
"May 22, 2016",3.96,3.99,3.9,3.93,"18,49,720","18,03,77,459"
"May 21, 2016",3.88,3.97,3.88,3.95,"19,38,010","18,14,61,170"
"May 20, 2016",3.82,3.92,3.82,3.88,"36,38,250","17,80,34,546"
"May 19, 2016",4,4.03,3.83,3.83,"33,80,010","17,57,96,778"
"May 18, 2016",3.98,4.04,3.98,4,"23,77,740","18,35,30,328"
"May 17, 2016",4,4.03,3.97,3.98,"26,63,640","18,25,48,346"
"May 16, 2016",4.06,4.16,3.98,4.01,"36,32,510","18,35,59,577"
"May 15, 2016",4.01,4.1,3.97,4.06,"20,96,570","18,60,88,260"
"May 14, 2016",3.93,4.05,3.92,4.01,"24,44,920","18,35,99,238"
"May 13, 2016",3.86,3.96,3.83,3.93,"26,24,100","17,96,78,967"
"May 12, 2016",3.88,3.9,3.8,3.86,"17,98,920","17,64,71,070"
"May 11, 2016",3.82,3.91,3.81,3.88,"24,58,140","17,75,85,322"
"May 10, 2016",4.06,4.12,3.8,3.82,"36,88,200","17,46,41,236"
"May 09, 2016",3.94,4.08,3.9,4.06,"31,20,940","18,54,30,676"
"May 08, 2016",3.94,3.94,3.89,3.94,"17,83,970","17,99,70,541"
"May 07, 2016",3.82,4,3.82,3.95,"32,78,610","18,06,13,961"
"May 06, 2016",3.72,3.82,3.71,3.82,"18,99,060","17,45,53,761"
"May 05, 2016",3.74,3.76,3.71,3.71,"17,02,120","16,95,55,640"
"May 04, 2016",3.74,3.78,3.73,3.75,"17,16,110","17,10,03,781"
"May 03, 2016",3.68,3.76,3.66,3.74,"23,63,200","17,06,86,505"
"May 02, 2016",3.71,3.78,3.64,3.68,"26,67,410","16,78,73,296"
"May 01, 2016",3.66,3.72,3.64,3.71,"19,11,590","16,89,60,181"
"Apr 30, 2016",3.81,3.82,3.64,3.66,"25,02,180","16,68,38,034"
"Apr 29, 2016",3.79,3.85,3.72,3.81,"24,67,080","17,37,95,576"
"Apr 28, 2016",3.88,3.88,3.69,3.79,"39,52,590","17,25,99,518"
"Apr 27, 2016",4.05,4.23,3.87,3.89,"94,35,190","17,71,56,360"
"Apr 26, 2016",3.8,4.11,3.79,4.05,"67,17,450","18,42,02,446"
"Apr 25, 2016",3.62,3.87,3.55,3.81,"66,05,750","17,34,90,345"
"Apr 24, 2016",3.35,3.65,3.35,3.63,"45,02,460","16,52,43,094"
"Apr 23, 2016",3.32,3.34,3.31,3.33,"13,83,790","15,16,65,121"
"Apr 22, 2016",3.35,3.35,3.31,3.32,"15,69,850","15,09,27,957"
"Apr 21, 2016",3.28,3.35,3.27,3.35,"16,88,230","15,21,19,484"
"Apr 20, 2016",3.29,3.29,3.27,3.28,"16,38,920","14,89,83,032"
"Apr 19, 2016",3.25,3.29,3.24,3.29,"13,33,410","14,92,42,320"
"Apr 18, 2016",3.26,3.27,3.24,3.24,"13,17,730","14,71,59,156"
"Apr 17, 2016",3.28,3.28,3.25,3.26,"12,11,900","14,78,98,852"
"Apr 16, 2016",3.28,3.29,3.27,3.27,"11,55,850","14,85,81,588"
"Apr 15, 2016",3.24,3.28,3.24,3.28,"14,04,400","14,87,66,669"
"Apr 14, 2016",3.25,3.26,3.23,3.24,"11,90,770","14,69,42,396"
"Apr 13, 2016",3.26,3.27,3.24,3.24,"12,95,720","14,68,62,629"
"Apr 12, 2016",3.24,3.28,3.23,3.26,"13,05,310","14,76,55,948"
"Apr 11, 2016",3.23,3.24,3.21,3.24,"10,61,060","14,69,00,568"
"Apr 10, 2016",3.22,3.25,3.21,3.23,"14,17,490","14,61,84,990"
"Apr 09, 2016",3.22,3.23,3.2,3.22,"12,24,580","14,56,50,686"
"Apr 08, 2016",3.24,3.25,3.21,3.22,"13,52,320","14,57,93,622"
"Apr 07, 2016",3.26,3.26,3.23,3.25,"11,50,280","14,68,88,055"
"Apr 06, 2016",3.26,3.26,3.24,3.26,"10,88,910","14,73,22,045"
"Apr 05, 2016",3.25,3.27,3.24,3.25,"8,63,788","14,70,78,962"
"Apr 04, 2016",3.26,3.27,3.22,3.25,"11,88,610","14,69,84,045"
"Apr 03, 2016",3.26,3.27,3.25,3.26,"12,81,200","14,74,83,988"
"Apr 02, 2016",3.25,3.28,3.24,3.26,"11,74,830","14,74,08,312"
"Apr 01, 2016",3.25,3.26,3.23,3.24,"13,16,230","14,63,60,614"
"Mar 31, 2016",3.23,3.27,3.22,3.26,"17,04,440","14,70,87,412"
"Mar 30, 2016",3.23,3.28,3.2,3.22,"14,50,290","14,53,43,005"
"Mar 29, 2016",3.26,3.28,3.2,3.23,"17,64,730","14,56,09,600"
"Mar 28, 2016",3.3,3.3,3.26,3.26,"14,27,140","14,72,65,578"
"Mar 27, 2016",3.23,3.32,3.23,3.3,"20,89,890","14,90,01,614"
"Mar 26, 2016",3.23,3.24,3.21,3.23,"11,17,430","14,56,62,124"
"Mar 25, 2016",3.23,3.24,3.21,3.23,"12,00,290","14,55,48,074"
"Mar 24, 2016",3.25,3.25,3.22,3.22,"13,94,180","14,53,09,420"
"Mar 23, 2016",3.23,3.25,3.22,3.24,"17,03,040","14,60,80,442"
"Mar 22, 2016",3.2,3.24,3.2,3.23,"12,65,140","14,56,67,370"
"Mar 21, 2016",3.21,3.21,3.19,3.2,"5,07,480","14,40,97,530"
"Mar 20, 2016",3.18,3.21,3.18,3.21,"9,26,158","14,42,55,203"
"Mar 19, 2016",3.17,3.19,3.16,3.18,"6,17,579","14,29,81,208"
"Mar 18, 2016",3.31,3.31,3.15,3.17,"15,02,010","14,25,51,748"
"Mar 17, 2016",3.31,3.32,3.3,3.31,"10,38,460","14,86,86,780"
"Mar 16, 2016",3.31,3.32,3.3,3.31,"6,92,940","14,87,26,141"
"Mar 15, 2016",3.3,3.33,3.29,3.31,"7,47,107","14,85,14,732"
"Mar 14, 2016",3.31,3.33,3.29,3.3,"6,70,283","14,83,64,556"
"Mar 13, 2016",3.29,3.32,3.28,3.31,"11,40,930","14,84,92,590"
"Mar 12, 2016",3.39,3.39,3.27,3.29,"10,76,560","14,76,70,027"
"Mar 11, 2016",3.29,3.4,3.29,3.38,"18,04,450","15,18,65,739"
"Mar 10, 2016",3.28,3.29,3.25,3.29,"8,98,376","14,74,65,689"
"Mar 09, 2016",3.25,3.3,3.24,3.28,"12,47,320","14,70,72,987"
"Mar 08, 2016",3.27,3.28,3.23,3.25,"9,18,434","14,58,78,063"
"Mar 07, 2016",3.22,3.27,3.2,3.27,"10,57,270","14,64,39,563"
"Mar 06, 2016",3.19,3.25,3.17,3.22,"10,10,650","14,43,23,561"
"Mar 05, 2016",3.25,3.25,3.13,3.19,"16,89,010","14,29,55,542"
"Mar 04, 2016",3.32,3.35,3.25,3.25,"14,59,960","14,55,08,900"
"Mar 03, 2016",3.36,3.36,3.31,3.32,"18,12,040","14,87,41,681"
"Mar 02, 2016",3.43,3.44,3.37,3.37,"14,69,810","15,05,50,494"
"Mar 01, 2016",3.45,3.45,3.41,3.43,"11,33,580","15,35,41,990"
"Feb 29, 2016",3.44,3.49,3.42,3.45,"14,31,670","15,40,86,523"
"Feb 28, 2016",3.41,3.47,3.36,3.44,"9,86,849","15,38,48,564"
"Feb 27, 2016",3.43,3.45,3.39,3.41,"7,31,107","15,25,04,035"
"Feb 26, 2016",3.37,3.42,3.32,3.42,"18,49,390","15,26,24,340"
"Feb 25, 2016",3.39,3.4,3.33,3.37,"15,56,360","15,02,85,617"
"Feb 24, 2016",3.4,3.42,3.32,3.37,"19,09,510","15,06,54,791"
"Feb 23, 2016",3.49,3.52,3.38,3.4,"24,16,790","15,15,88,515"
"Feb 22, 2016",3.47,3.51,3.43,3.48,"20,66,780","15,54,08,222"
"Feb 21, 2016",3.46,3.58,3.4,3.46,"35,18,950","15,44,94,927"
"Feb 20, 2016",3.27,3.5,3.26,3.46,"36,77,250","15,41,61,953"
"Feb 19, 2016",3.26,3.27,3.23,3.25,"17,80,240","14,49,69,129"
"Feb 18, 2016",3.25,3.27,3.23,3.25,"14,22,270","14,48,64,866"
"Feb 17, 2016",3.23,3.26,3.2,3.24,"18,57,460","14,43,57,019"
"Feb 16, 2016",3.2,3.22,3.18,3.21,"14,79,430","14,28,83,821"
"Feb 15, 2016",3.23,3.25,3.17,3.18,"15,21,240","14,16,54,638"
"Feb 14, 2016",3.15,3.21,3.15,3.21,"19,24,190","14,28,57,614"
"Feb 13, 2016",3.12,3.14,3.11,3.13,"13,13,500","13,92,12,762"
"Feb 12, 2016",3.09,3.12,3.08,3.11,"10,41,630","13,83,77,005"
"Feb 11, 2016",3.11,3.13,3.07,3.08,"12,63,660","13,67,22,154"
"Feb 10, 2016",3.09,3.13,3.08,3.1,"13,58,800","13,75,49,499"
"Feb 09, 2016",3.08,3.08,3.05,3.08,"11,97,280","13,69,00,626"
"Feb 08, 2016",3.09,3.11,3.06,3.06,"9,64,279","13,59,96,338"
"Feb 07, 2016",3.11,3.13,3.08,3.09,"11,68,970","13,70,08,440"
"Feb 06, 2016",3.15,3.15,3.08,3.1,"13,94,670","13,75,41,206"
"Feb 05, 2016",3.17,3.17,3.14,3.14,"12,11,900","13,91,98,718"
"Feb 04, 2016",3.06,3.18,3.06,3.16,"20,59,350","14,02,77,541"
"Feb 03, 2016",3.09,3.09,3.04,3.05,"14,06,560","13,51,23,741"
"Feb 02, 2016",3.09,3.1,3.07,3.08,"12,79,650","13,63,31,472"
"Feb 01, 2016",3.07,3.1,3.06,3.08,"15,02,430","13,63,43,190"
"Jan 31, 2016",3.1,3.11,3.04,3.05,"14,50,600","13,51,82,678"
"Jan 30, 2016",3.12,3.12,3.08,3.08,"12,98,980","13,64,14,737"
"Jan 29, 2016",3.14,3.14,3.06,3.11,"25,55,880","13,77,30,285"
"Jan 28, 2016",3.29,3.3,3.11,3.12,"30,75,380","13,80,78,852"
"Jan 27, 2016",3.16,3.32,3.16,3.29,"53,41,690","14,54,37,275"
"Jan 26, 2016",3.13,3.17,3.12,3.15,"29,26,650","13,95,21,750"
"Jan 25, 2016",3.19,3.19,3.11,3.13,"19,40,070","13,82,55,166"
"Jan 24, 2016",3.11,3.21,3.1,3.18,"18,06,510","14,05,83,334"
"Jan 23, 2016",3.08,3.15,3.08,3.1,"23,84,900","13,71,12,128"
"Jan 22, 2016",3.23,3.24,3.05,3.08,"35,89,150","13,58,80,631"
"Jan 21, 2016",3.38,3.4,3.21,3.22,"36,65,110","14,22,03,147"
"Jan 20, 2016",3.01,3.43,2.99,3.39,"44,38,610","14,95,62,676"
"Jan 19, 2016",3.05,3.06,2.99,3.02,"16,26,900","13,31,40,838"
"Jan 18, 2016",3.02,3.06,2.98,3.05,"23,04,070","13,44,88,705"
"Jan 17, 2016",3.09,3.1,3.02,3.03,"19,05,660","13,34,37,979"
"Jan 16, 2016",2.97,3.11,2.92,3.09,"41,70,270","13,60,73,727"
"Jan 15, 2016",3.46,3.46,3,3,"51,17,640","13,20,55,746"
"Jan 14, 2016",3.47,3.48,3.45,3.47,"20,44,890","15,26,83,622"
"Jan 13, 2016",3.49,3.49,3.43,3.48,"67,45,630","15,30,77,222"
"Jan 12, 2016",3.55,3.56,3.49,3.49,"45,66,050","15,38,06,460"
"Jan 11, 2016",3.53,3.57,3.53,3.56,"29,31,030","15,65,18,392"
"Jan 10, 2016",3.56,3.56,3.5,3.54,"24,62,000","15,55,90,551"
"Jan 09, 2016",3.57,3.59,3.54,3.56,"29,34,720","15,65,86,451"
"Jan 08, 2016",3.6,3.64,3.53,3.57,"32,77,990","15,69,01,051"
"Jan 07, 2016",3.45,3.61,3.44,3.6,"45,60,680","15,83,99,547"
"Jan 06, 2016",3.47,3.47,3.44,3.45,"22,08,860","15,17,34,839"
"Jan 05, 2016",3.49,3.51,3.45,3.47,"21,04,650","15,23,90,643"
"Jan 04, 2016",3.48,3.51,3.48,3.5,"33,09,740","15,34,67,942"
"Jan 03, 2016",3.5,3.51,3.45,3.48,"24,06,150","15,28,73,557"
"Jan 02, 2016",3.52,3.53,3.49,3.5,"30,20,260","15,36,58,445"
"Jan 01, 2016",3.48,3.53,3.47,3.51,"27,91,170","15,39,10,742"
"Dec 31, 2015",3.46,3.5,3.41,3.48,"26,67,620","15,25,98,618"
"Dec 30, 2015",3.51,3.51,3.45,3.46,"22,02,460","15,16,27,720"
"Dec 29, 2015",3.47,3.52,3.44,3.5,"21,61,460","15,33,81,167"
"Dec 28, 2015",3.48,3.53,3.46,3.47,"16,47,170","15,18,33,380"
"Dec 27, 2015",3.42,3.49,3.39,3.48,"20,48,800","15,23,53,811"
"Dec 26, 2015",3.64,3.64,3.38,3.42,"38,80,050","14,99,14,808"
"Dec 25, 2015",3.65,3.68,3.6,3.62,"16,28,860","15,86,29,519"
"Dec 24, 2015",3.59,3.68,3.59,3.64,"25,30,790","15,94,15,199"
"Dec 23, 2015",3.43,3.59,3.43,3.58,"22,74,490","15,64,74,316"
"Dec 22, 2015",3.46,3.48,3.4,3.42,"13,66,080","14,94,94,279"
"Dec 21, 2015",3.55,3.55,3.43,3.46,"22,44,460","15,11,59,143"
"Dec 20, 2015",3.74,3.75,3.48,3.54,"28,53,130","15,44,93,032"
"Dec 19, 2015",3.77,3.78,3.71,3.72,"14,80,630","16,25,02,303"
"Dec 18, 2015",3.75,3.81,3.73,3.76,"26,42,590","16,40,31,261"
"Dec 17, 2015",3.7,3.79,3.68,3.74,"22,44,680","16,32,34,022"
"Dec 16, 2015",3.84,3.84,3.68,3.7,"36,28,690","16,13,88,172"
"Dec 15, 2015",3.62,3.84,3.61,3.83,"51,24,770","16,72,18,736"
"Dec 14, 2015",3.64,3.67,3.6,3.61,"30,11,480","15,76,07,760"
"Dec 13, 2015",3.6,3.66,3.57,3.63,"32,18,570","15,80,86,733"
"Dec 12, 2015",3.84,3.97,3.5,3.61,"62,01,500","15,71,45,507"
"Dec 11, 2015",3.67,3.85,3.67,3.84,"50,86,460","16,71,13,980"
"Dec 10, 2015",3.67,3.68,3.59,3.66,"25,38,190","15,95,44,016"
"Dec 09, 2015",3.68,3.74,3.61,3.67,"45,06,800","15,97,08,787"
"Dec 08, 2015",3.65,3.69,3.55,3.69,"27,44,880","16,04,30,832"
"Dec 07, 2015",3.45,3.69,3.45,3.65,"42,10,900","15,85,61,623"
"Dec 06, 2015",3.53,3.58,3.45,3.47,"40,63,170","15,10,31,958"
"Dec 05, 2015",3.37,3.54,3.37,3.52,"26,64,550","15,31,86,012"
"Dec 04, 2015",3.38,3.39,3.34,3.36,"13,33,170","14,60,97,154"
"Dec 03, 2015",3.35,3.44,3.34,3.38,"19,43,430","14,67,31,880"
"Dec 02, 2015",3.43,3.44,3.3,3.34,"24,52,500","14,51,49,023"
"Dec 01, 2015",3.63,3.64,3.4,3.43,"28,41,630","14,91,09,560"
"Nov 30, 2015",3.66,3.74,3.58,3.62,"33,39,320","15,71,41,160"
"Nov 29, 2015",3.53,3.68,3.5,3.67,"27,20,390","15,91,82,008"
"Nov 28, 2015",3.58,3.58,3.46,3.52,"16,91,790","15,27,41,036"
"Nov 27, 2015",3.6,3.63,3.52,3.58,"27,80,650","15,51,16,409"
"Nov 26, 2015",3.35,3.72,3.35,3.61,"87,00,000","15,63,52,387"
"Nov 25, 2015",3.11,3.34,3.09,3.34,"28,77,300","14,48,80,674"
"Nov 24, 2015",3.13,3.13,3.09,3.11,"15,10,060","13,45,92,769"
"Nov 23, 2015",3.14,3.15,3.11,3.12,"13,89,260","13,52,52,007"
"Nov 22, 2015",3.16,3.16,3.11,3.14,"10,70,770","13,57,56,075"
"Nov 21, 2015",3.12,3.16,3.11,3.15,"10,57,060","13,63,00,087"
"Nov 20, 2015",3.14,3.14,3.07,3.12,"16,98,240","13,47,58,405"
"Nov 19, 2015",3.19,3.21,3.13,3.13,"14,48,970","13,54,95,998"
"Nov 18, 2015",3.2,3.21,3.17,3.19,"14,25,920","13,76,95,933"
"Nov 17, 2015",3.19,3.23,3.16,3.2,"16,07,020","13,83,60,391"
"Nov 16, 2015",3.07,3.19,3.05,3.19,"15,78,010","13,77,75,423"
"Nov 15, 2015",3.2,3.22,3.06,3.07,"17,50,230","13,23,90,857"
"Nov 14, 2015",3.22,3.25,3.18,3.19,"12,93,740","13,79,07,833"
"Nov 13, 2015",3.27,3.29,3.15,3.23,"22,47,490","13,92,18,842"
"Nov 12, 2015",2.97,3.29,2.97,3.28,"41,33,180","14,14,46,841"
"Nov 11, 2015",3.12,3.12,2.94,2.97,"36,48,510","12,80,61,359"
"Nov 10, 2015",3.4,3.46,3.04,3.12,"55,65,520","13,43,03,728"
"Nov 09, 2015",3.43,3.45,3.26,3.4,"41,95,940","14,63,95,546"
"Nov 08, 2015",3.62,3.66,3.41,3.42,"23,99,540","14,73,13,317"
"Nov 07, 2015",3.55,3.68,3.55,3.6,"26,38,500","15,50,07,058"
"Nov 06, 2015",3.95,3.97,3.45,3.55,"87,61,900","15,27,66,349"
"Nov 05, 2015",4.2,4.41,3.77,3.96,"1,30,17,300","17,05,17,149"
"Nov 04, 2015",4.58,5.32,4.05,4.23,"2,25,53,800","18,20,14,884"
"Nov 03, 2015",4.17,4.8,4.1,4.59,"1,86,00,100","19,74,20,542"
"Nov 02, 2015",3.98,4.2,3.94,4.16,"63,02,390","17,90,83,663"
"Nov 01, 2015",3.82,3.99,3.77,3.96,"38,01,480","17,01,83,326"
"Oct 31, 2015",4.08,4.12,3.77,3.8,"54,25,140","16,34,66,869"
"Oct 30, 2015",3.77,4.2,3.74,4.06,"1,22,06,200","17,44,68,898"
"Oct 29, 2015",3.1,3.93,3.06,3.78,"1,14,55,900","16,24,09,745"
"Oct 28, 2015",3.1,3.11,3.09,3.1,"14,33,200","13,31,05,313"
"Oct 27, 2015",3.11,3.11,3.08,3.09,"11,02,490","13,27,94,136"
"Oct 26, 2015",3.07,3.11,3.07,3.1,"11,19,820","13,31,68,904"
"Oct 25, 2015",3.11,3.14,3.07,3.07,"16,56,730","13,14,69,615"
"Oct 24, 2015",3.11,3.12,3.08,3.1,"9,55,111","13,28,85,528"
"Oct 23, 2015",3.12,3.13,3.09,3.11,"11,96,600","13,33,41,501"
"Oct 22, 2015",3.08,3.14,3.07,3.11,"12,15,290","13,34,29,069"
"Oct 21, 2015",3.09,3.12,3.06,3.08,"9,88,482","13,16,93,024"
"Oct 20, 2015",3.05,3.09,3.05,3.09,"11,63,340","13,23,90,759"
"Oct 19, 2015",3.03,3.05,3.01,3.05,"12,39,570","13,04,35,394"
"Oct 18, 2015",3.07,3.08,3,3.02,"12,17,780","12,93,13,854"
"Oct 17, 2015",3.11,3.16,3.04,3.07,"24,54,780","13,13,56,974"
"Oct 16, 2015",3.11,3.14,3.09,3.11,"14,72,800","13,28,43,984"
"Oct 15, 2015",3.15,3.16,3.1,3.1,"14,28,290","13,26,94,493"
"Oct 14, 2015",3.18,3.2,3.1,3.14,"17,81,770","13,43,30,329"
"Oct 13, 2015",3.14,3.19,3.11,3.18,"16,05,970","13,58,03,629"
"Oct 12, 2015",3.15,3.17,3.13,3.14,"12,52,010","13,39,41,140"
"Oct 11, 2015",3.11,3.15,3.08,3.15,"12,22,700","13,42,31,126"
"Oct 10, 2015",3.11,3.14,3.09,3.11,"10,00,850","13,25,20,745"
